date,state,dataQualityGrade,death,deathConfirmed,deathIncrease,deathProbable,hospitalized,hospitalizedCumulative,hospitalizedCurrently,hospitalizedIncrease,inIcuCumulative,inIcuCurrently,negative,negativeIncrease,negativeTestsAntibody,negativeTestsPeopleAntibody,negativeTestsViral,onVentilatorCumulative,onVentilatorCurrently,positive,positiveCasesViral,positiveIncrease,positiveScore,positiveTestsAntibody,positiveTestsAntigen,positiveTestsPeopleAntibody,positiveTestsPeopleAntigen,positiveTestsViral,recovered,totalTestEncountersViral,totalTestEncountersViralIncrease,totalTestResults,totalTestResultsIncrease,totalTestsAntibody,totalTestsAntigen,totalTestsPeopleAntibody,totalTestsPeopleAntigen,totalTestsPeopleViral,totalTestsPeopleViralIncrease,totalTestsViral,totalTestsViralIncrease
2020-01-29,FL,,,,0,,,,,0,,,,0,,,,,,0,,0,0,,,,,,,1,1,1,0,,,,,,0,,0
2020-01-30,FL,,,,0,,,,,0,,,,0,,,,,,0,,0,0,,,,,,,1,0,1,0,,,,,,0,,0
2020-01-31,FL,,,,0,,,,,0,,,,0,,,,,,0,,0,0,,,,,,,4,3,4,3,,,,,,0,,0
2020-02-01,FL,,,,0,,,,,0,,,,0,,,,,,0,,0,0,,,,,,,4,0,4,0,,,,,,0,,0
2020-02-02,FL,,,,0,,,,,0,,,,0,,,,,,0,,0,0,,,,,,,4,0,4,0,,,,,,0,,0
2020-02-03,FL,,,,0,,,,,0,,,,0,,,,,,0,,0,0,,,,,,,4,0,4,0,,,,,,0,,0
2020-02-04,FL,,,,0,,,,,0,,,,0,,,,,,0,,0,0,,,,,,,6,2,6,2,,,,,,0,,0
2020-02-05,FL,,,,0,,,,,0,,,,0,,,,,,0,,0,0,,,,,,,6,0,6,0,,,,,,0,,0
2020-02-06,FL,,,,0,,,,,0,,,,0,,,,,,0,,0,0,,,,,,,6,0,6,0,,,,,,0,,0
2020-02-07,FL,,,,0,,,,,0,,,,0,,,,,,0,,0,0,,,,,,,6,0,6,0,,,,,,0,,0
2020-02-08,FL,,,,0,,,,,0,,,,0,,,,,,0,,0,0,,,,,,,7,1,7,1,,,,,,0,,0
2020-02-09,FL,,,,0,,,,,0,,,,0,,,,,,0,,0,0,,,,,,,7,0,7,0,,,,,,0,,0
2020-02-10,FL,,,,0,,,,,0,,,,0,,,,,,0,,0,0,,,,,,,7,0,7,0,,,,,,0,,0
2020-02-11,FL,,,,0,,,,,0,,,,0,,,,,,0,,0,0,,,,,,,8,1,8,1,,,,,,0,,0
2020-02-12,FL,,,,0,,,,,0,,,,0,,,,,,0,,0,0,,,,,,,8,0,8,0,,,,,,0,,0
2020-02-13,FL,,,,0,,,,,0,,,,0,,,,,,0,,0,0,,,,,,,9,1,9,1,,,,,,0,,0
2020-02-14,FL,,,,0,,,,,0,,,,0,,,,,,0,,0,0,,,,,,,9,0,9,0,,,,,,0,,0
2020-02-15,FL,,,,0,,,,,0,,,,0,,,,,,0,,0,0,,,,,,,12,3,12,3,,,,,,0,,0
2020-02-16,FL,,,,0,,,,,0,,,,0,,,,,,0,,0,0,,,,,,,12,0,12,0,,,,,,0,,0
2020-02-17,FL,,,,0,,,,,0,,,,0,,,,,,0,,0,0,,,,,,,13,1,13,1,,,,,,0,,0
2020-02-18,FL,,,,0,,,,,0,,,,0,,,,,,0,,0,0,,,,,,,13,0,13,0,,,,,,0,,0
2020-02-19,FL,,,,0,,,,,0,,,,0,,,,,,0,,0,0,,,,,,,13,0,13,0,,,,,,0,,0
2020-02-20,FL,,,,0,,,,,0,,,,0,,,,,,0,,0,0,,,,,,,13,0,13,0,,,,,,0,,0
2020-02-21,FL,,,,0,,,,,0,,,,0,,,,,,0,,0,0,,,,,,,13,0,13,0,,,,,,0,,0
2020-02-22,FL,,,,0,,,,,0,,,,0,,,,,,0,,0,0,,,,,,,14,1,14,1,,,,,,0,,0
2020-02-23,FL,,,,0,,,,,0,,,,0,,,,,,0,,0,0,,,,,,,14,0,14,0,,,,,,0,,0
2020-02-24,FL,,,,0,,,,,0,,,,0,,,,,,0,,0,0,,,,,,,14,0,14,0,,,,,,0,,0
2020-02-25,FL,,,,0,,,,,0,,,,0,,,,,,0,,0,0,,,,,,,15,1,15,1,,,,,,0,,0
2020-02-26,FL,,,,0,,,,,0,,,,0,,,,,,0,,0,0,,,,,,,15,0,15,0,,,,,,0,,0
2020-02-27,FL,,,,0,,,,,0,,,,0,,,,,,0,,0,0,,,,,,,15,0,15,0,,,,,,0,,0
2020-02-28,FL,,,,0,,,,,0,,,,0,,,,,,0,,0,0,,,,,,,15,0,15,0,,,,,,0,,0
2020-02-29,FL,,,,0,,,,,0,,,,0,,,,,,0,,0,0,,,,,,,15,0,15,0,,,,,,0,,0
2020-03-01,FL,,,,0,,,,,0,,,,0,,,,,,0,,0,0,,,,,,,15,0,15,0,,,,,,0,,0
2020-03-02,FL,,,,0,,,,,0,,,,0,,,,,,0,,0,0,,,,,,,15,0,15,0,,,,,,0,,0
2020-03-03,FL,,,,0,,,,,0,,,,0,,,,,,2,,2,0,,,,,,,19,4,19,4,,,,,,0,,0
2020-03-04,FL,,,,0,,,,,0,,,24.0,24,,,,,,3,,1,0,,,,,,,22,3,22,3,,,,,,0,,0
2020-03-05,FL,,,,0,,,,,0,,,31.0,7,,,,,,7,,4,0,,,,,,,41,19,41,19,,,,,,0,,0
2020-03-06,FL,,,,0,,,,,0,,,55.0,24,,,,,,8,,1,0,,,,,,,68,27,68,27,,,,,,0,,0
2020-03-07,FL,,,,0,,,,,0,,,100.0,45,,,,,,8,,0,0,,,,,,,116,48,116,48,,,,,,0,,0
2020-03-08,FL,,,,0,,,,,0,,,118.0,18,,,,,,12,,4,0,,,,,,,143,27,143,27,,,,,,0,,0
2020-03-09,FL,,,,0,,,,,0,,,140.0,22,,,,,,13,,1,0,,,,,,,179,36,179,36,,,,,,0,,0
2020-03-10,FL,,,,0,,,,,0,,,222.0,82,,,,,,18,,5,0,,,,,,,263,84,263,84,,,,,,0,,0
2020-03-11,FL,,2.0,,2,,,,,0,,,301.0,79,,,,,,20,,2,0,,,,,,,334,71,334,71,,,,,,0,,0
2020-03-12,FL,,2.0,,0,,,,,0,,,301.0,0,,,,,,26,,6,0,,,,,,,387,53,387,53,,,,,,0,,0
2020-03-13,FL,,2.0,,0,,,,,0,,,478.0,177,,,,,,31,,5,0,,,,,,,505,118,505,118,,,,,,0,,0
2020-03-14,FL,,3.0,,1,,,,,0,,,478.0,0,,,,,,51,,20,0,,,,,,,704,199,704,199,,,,,,0,,0
2020-03-15,FL,,4.0,,1,,,,,0,,,678.0,200,,,,,,91,,40,0,,,,,,,1140,436,1140,436,,,,,,0,,0
2020-03-16,FL,,4.0,,0,,,,,0,,,684.0,6,,,,,,122,,31,0,,,,,,,1321,181,1321,181,,,,,,0,,0
2020-03-17,FL,,6.0,,2,,,,,0,,,940.0,256,,,,,,149,,27,0,,,,,,,1912,591,1912,591,,,,,,0,,0
2020-03-18,FL,,7.0,,1,,,,,0,,,1225.0,285,,,,,,211,,62,0,,,,,,,2616,704,2616,704,,,,,,0,,0
2020-03-19,FL,,8.0,,1,,,,,0,,,1533.0,308,,,,,,310,,99,0,,,,,,,3671,1055,3671,1055,,,,,,0,,0
2020-03-20,FL,,10.0,,2,,,,,0,,,1870.0,337,,,,,,386,,76,0,,,,,,,4773,1102,4773,1102,,,,,,0,,0
2020-03-21,FL,,12.0,,2,,158.0,158.0,,158,,,6579.0,4709,,,,,,528,,142,0,,,,,,,6192,1419,6192,1419,,,,,,0,,0
2020-03-22,FL,,13.0,,1,,185.0,185.0,,27,,,7990.0,1411,,,,,,731,,203,0,,,,,,,8487,2295,8487,2295,,,,,,0,,0
2020-03-23,FL,A,14.0,,1,,217.0,217.0,,32,,,11063.0,3073,,,,,,1029,,298,0,,,,,,,11284,2797,11284,2797,,,,,,0,,0
2020-03-24,FL,A,18.0,,4,,259.0,259.0,,42,,,13127.0,2064,,,,,,1205,,176,0,,,,,,,12954,1670,12954,1670,,,,,,0,,0
2020-03-25,FL,A,22.0,,4,,316.0,316.0,,57,,,15374.0,2247,,,,,,1488,,283,0,,,,,,,15835,2881,15835,2881,,,,,,0,,0
2020-03-26,FL,A,28.0,,6,,406.0,406.0,,90,,,23741.0,8367,,,,,,1985,,497,0,,,,,,,22737,6902,22737,6902,,,,,,0,,0
2020-03-27,FL,A,34.0,,6,,456.0,456.0,,50,,,28186.0,4445,,,,,,2520,,535,0,,,,,,,28363,5626,28363,5626,,,,,,0,,0
2020-03-28,FL,A,54.0,,20,,526.0,526.0,,70,,,35366.0,7180,,,,,,3179,,659,0,,,,,,,34607,6244,34607,6244,,,,,,0,,0
2020-03-29,FL,A,56.0,,2,,594.0,594.0,,68,,,39070.0,3704,,,,,,3884,,705,0,,,,,,,40982,6375,40982,6375,,,,,,0,,0
2020-03-30,FL,A,63.0,,7,,652.0,652.0,,58,,,48225.0,9155,,,,,,4760,,876,0,,,,,,,48119,7137,48119,7137,,,,,,0,,0
2020-03-31,FL,A,77.0,,14,,823.0,823.0,,171,,,54285.0,6060,,,,,,5612,,852,0,,,,,,,55046,6927,55046,6927,,,,,,0,,0
2020-04-01,FL,A,87.0,,10,,949.0,949.0,,126,,,59529.0,5244,,,,,,6516,,904,0,,,,,,,63259,8213,63259,8213,,,,,,0,,0
2020-04-02,FL,A,128.0,,41,,1123.0,1123.0,,174,,,69286.0,9757,,,,,,7548,,1032,0,,,,,,,71703,8444,71703,8444,,,,,,0,,0
2020-04-03,FL,A,163.0,,35,,1287.0,1287.0,,164,,,82137.0,12851,,,,,,8816,,1268,0,,,,,,,84386,12683,84386,12683,,,,,,0,,0
2020-04-04,FL,A,191.0,,28,,1462.0,1462.0,,175,,,90956.0,8819,,,,,,10097,,1281,0,,,,,,,95124,10738,95124,10738,,,,,,0,,0
2020-04-05,FL,A,218.0,,27,,1572.0,1572.0,,110,,,101253.0,10297,,,,,,11245,,1148,0,,,,,,,107267,12143,107267,12143,,,,,,0,,0
2020-04-06,FL,A,236.0,,18,,1682.0,1682.0,,110,,,109950.0,8697,,,,,,12008,,763,0,,,,,,,114285,7018,114285,7018,,,,,,0,,0
2020-04-07,FL,A,296.0,,60,,1999.0,1999.0,,317,,,123415.0,13465,,,,,,13167,,1159,0,,,,,,,125348,11063,125348,11063,,,,,,0,,0
2020-04-08,FL,A,309.0,,13,,2062.0,2062.0,,63,,,127679.0,4264,,,,,,14173,,1006,0,,,,,,,136858,11510,136858,11510,,,,,,0,,0
2020-04-09,FL,A,354.0,,45,,2268.0,2268.0,,206,,,136185.0,8506,,,,,,15219,,1046,0,,,,,,,143351,6493,143351,6493,,,,,,0,,0
2020-04-10,FL,A,390.0,,36,,2487.0,2487.0,,219,,,145299.0,9114,,,,,,16252,,1033,0,,,,,,,157362,14011,157362,14011,,,,,,0,,0
2020-04-11,FL,A,438.0,,48,,2661.0,2661.0,,174,,,154439.0,9140,,,,,,17340,,1088,0,,,,,,,166804,9442,166804,9442,,,,,,0,,0
2020-04-12,FL,A,465.0,,27,,2772.0,2772.0,,111,,,163398.0,8959,,,,,,18404,,1064,0,,,,,,,178055,11251,178055,11251,,,,,,0,,0
2020-04-13,FL,A,483.0,,18,,2833.0,2833.0,,61,,,175606.0,12208,,,,,,19213,,809,0,,,,,,,186752,8697,186752,8697,,,,,,0,,0
2020-04-14,FL,A,537.0,,54,,3060.0,3060.0,,227,,,181813.0,6207,,,,,,20135,,922,0,,,,,,,195443,8691,195443,8691,,,,,,0,,0
2020-04-15,FL,A,609.0,,72,,3344.0,3344.0,,284,,,190998.0,9185,,,,,,20727,,592,0,,,,,,,201864,6421,201864,6421,,,,,,0,,0
2020-04-16,FL,A,646.0,,37,,3460.0,3460.0,,116,,,196351.0,5353,,,,,,21624,,897,0,,,,,,,211489,9625,211489,9625,,,,,,0,,0
2020-04-17,FL,A,699.0,,53,,3665.0,3665.0,,205,,,210718.0,14367,,,,,,22823,,1199,0,,,,,,,226950,15461,226950,15461,,,,,,0,,0
2020-04-18,FL,A,754.0,,55,,3842.0,3842.0,,177,,,221258.0,10540,,,,,,23906,,1083,0,,,,,,,239745,12795,239745,12795,,,,,,0,,0
2020-04-19,FL,A,781.0,,27,,3930.0,3930.0,,88,,,230083.0,8825,,,,,,24647,,741,0,,,,,,,248903,9158,248903,9158,,,,,,0,,0
2020-04-20,FL,A,806.0,,25,,4010.0,4010.0,,80,,,239565.0,9482,,,,,,25360,,713,0,,,,,,,258121,9218,258121,9218,,,,,,0,,0
2020-04-21,FL,A,856.0,,50,,4235.0,4235.0,,225,,,249564.0,9999,,,,,,26106,,746,0,,,,,,,268700,10579,268700,10579,,,,,,0,,0
2020-04-22,FL,A,910.0,,54,,4469.0,4469.0,,234,,,260318.0,10754,,,,,,26965,,859,0,,,,,,,280934,12234,280934,12234,,,,,,0,,0
2020-04-23,FL,A,979.0,,69,,4693.0,4693.0,,224,,,267876.0,7558,,,,,,27662,,697,0,,,,,,,291998,11064,291998,11064,,,,,,0,,0
2020-04-24,FL,A,1031.0,,52,,4888.0,4888.0,,195,,,286785.0,18909,,,,,,28876,,1214,0,,,,,,,310609,18611,310609,18611,,,,,,0,,0
2020-04-25,FL,C,1075.0,,44,,5045.0,5045.0,,157,,,302260.0,15475,,,,,,29610,,734,0,,,,,,,324016,13407,324016,13407,,,,,,0,,0
2020-04-26,FL,C,1094.0,,19,,5155.0,5155.0,,110,,,313085.0,10825,,,,,,30405,,795,0,,,,,,,340916,16900,340916,16900,,,,,,0,,0
2020-04-27,FL,C,1101.0,,7,,5211.0,5211.0,,56,,,324325.0,11240,,,,,,30924,,519,0,,,,,,,349793,8877,349793,8877,,,,,,0,,0
2020-04-28,FL,C,1154.0,,53,,5266.0,5266.0,,55,,,334029.0,9704,,,,,,31672,,748,0,,,,,,,361556,11763,361556,11763,,,,,,0,,0
2020-04-29,FL,C,1240.0,,86,,5624.0,5624.0,,358,,,340295.0,6266,,,,,,32015,,343,0,,,,,,,368569,7013,368569,7013,,,,,,0,,0
2020-04-30,FL,C,1290.0,,50,,5795.0,5795.0,,171,,,348715.0,8420,,,,,,32529,,514,0,,,,,,,378239,9670,378239,9670,,,,,,0,,0
2020-05-01,FL,C,1314.0,,24,,5795.0,5795.0,,0,,,367971.0,19256,,,,,,33506,,977,0,,,,,,,396464,18225,396464,18225,,,,,,0,,0
2020-05-02,FL,C,1388.0,,74,,5945.0,5945.0,,150,,,380549.0,12578,,,,,,34209,,703,0,,,,,,,412850,16386,412850,16386,,,,,,0,,0
2020-05-03,FL,C,1403.0,1403.0,15,,6244.0,6244.0,,299,,,392111.0,11562,,,,,,34841,,632,0,,,,,,,425243,12393,425243,12393,,,,,,0,,0
2020-05-04,FL,C,1423.0,1423.0,20,,6329.0,6329.0,,85,,,407373.0,15262,,,,,,35609,,768,0,,,,,,,440615,15372,440615,15372,,,,,,0,,0
2020-05-05,FL,C,1536.0,1536.0,113,,6546.0,6546.0,,217,,,428252.0,20879,,,,,,36183,,574,0,,,,,,,461682,21067,461682,21067,,,,,,0,,0
2020-05-06,FL,C,1605.0,1605.0,69,,6776.0,6776.0,,230,,,442049.0,13797,,,,,,36764,,581,0,,,,,,,476485,14803,476485,14803,,,,,,0,,0
2020-05-07,FL,C,1667.0,1667.0,62,,6990.0,6990.0,,214,,,454122.0,12073,,,,,,37389,,625,0,,,,,,,490296,13811,490296,13811,,,,,,0,,0
2020-05-08,FL,C,1738.0,1738.0,71,,7157.0,7157.0,,167,,,474142.0,20020,,,,,,37733,,344,0,,,,,,,507598,17302,507598,17302,,,,,,0,,0
2020-05-09,FL,B,1785.0,1785.0,47,,7325.0,7325.0,,168,,,487730.0,13588,,,,,,38498,,765,0,,,,,,,524343,16745,524343,16745,,,,,,0,,0
2020-05-10,FL,B,1791.0,1791.0,6,,7404.0,7404.0,,79,,,498352.0,10622,,,,,,39179,,681,0,,,,,,,538027,13684,538027,13684,,,,,,0,,0
2020-05-11,FL,B,1805.0,1805.0,14,,7458.0,7458.0,,54,,,520075.0,21723,,,,,,39562,,383,0,,,,,,,555807,17780,555807,17780,,,,,,0,,0
2020-05-12,FL,A+,1849.0,1849.0,44,,7654.0,7654.0,,196,,,537681.0,17606,,,,,,40168,,606,0,,,,,,,576962,21155,576962,21155,,,,,,0,,0
2020-05-13,FL,A+,1898.0,1898.0,49,,7835.0,7835.0,,181,,,552361.0,14680,,,,,,40967,,799,0,,,,,,,591519,14557,591519,14557,,,,,579604.0,579604,,0
2020-05-14,FL,A+,1948.0,1948.0,50,,7993.0,7993.0,,158,,,565627.0,13266,,,,,,41759,,792,0,,,,,,,607219,15700,607219,15700,,,,,595478.0,15874,,0
2020-05-15,FL,A+,1991.0,1991.0,43,,7993.0,7993.0,,0,,,565627.0,0,,,,,,42545,,786,0,,,,,,,622753,15534,622753,15534,,,,,609574.0,14096,,0
2020-05-16,FL,A+,2040.0,2040.0,49,,8393.0,8393.0,,400,,,585236.0,19609,,,,,,43025,,480,0,,,,,,,629359,6606,629359,6606,,,,,630795.0,21221,,0
2020-05-17,FL,A+,2049.0,2049.0,9,,8478.0,8478.0,,85,,,606204.0,20968,,,683219.0,,,44161,,1136,0,,,,,60938.0,,650908,21549,650908,21549,,,,,653081.0,22286,746124.0,746124
2020-05-18,FL,A+,2073.0,2073.0,24,,8553.0,8553.0,,75,,,629970.0,23766,,,683219.0,,,44815,,654,0,,,,,60938.0,,670220,19312,670220,19312,,,,,677710.0,24629,746124.0,0
2020-05-19,FL,A+,2129.0,2129.0,56,,8744.0,8744.0,,191,,,668911.0,38941,,,754767.0,,,45427,,612,0,,,,,63148.0,,700701,30481,700701,30481,,,,,717162.0,39452,819927.0,73803
2020-05-20,FL,A+,2173.0,2173.0,44,,8934.0,8934.0,,190,,,723877.0,54966,,,821168.0,,,45902,,475,0,,,,,64172.0,,772023,71322,772023,71322,,,,,772669.0,55507,887380.0,67453
2020-05-21,FL,A,2222.0,2222.0,49,,9200.0,9200.0,,266,,,765254.0,41377,,,871876.0,,,47092,,1190,0,,,,,66424.0,,817226,45203,817226,45203,,,,,815584.0,42915,940758.0,53378
2020-05-22,FL,A,2268.0,2268.0,46,,9372.0,9372.0,,172,,,786045.0,20791,,,871876.0,,,47817,,725,0,,,,,66424.0,,841067,23841,841067,23841,,,,,837172.0,21588,940758.0,0
2020-05-23,FL,A,2312.0,2312.0,44,,9567.0,9567.0,,195,,,806310.0,20265,,,919519.0,,,48550,,733,0,,,,,68322.0,,866920,25853,866920,25853,,,,,858112.0,20940,990300.0,49542
2020-05-24,FL,A,2316.0,2316.0,4,,9638.0,9638.0,,71,,,820368.0,14058,,,936730.0,,,49095,,545,0,,,,,69459.0,,882626,15706,882626,15706,,,,,872916.0,14804,1008670.0,18370
2020-05-25,FL,A,2331.0,2331.0,15,,9681.0,9681.0,,43,,,856489.0,36121,,,977392.0,,,50075,,980,0,,,,,70360.0,,920104,37478,920104,37478,,,,,909928.0,37012,1050247.0,41577
2020-05-26,FL,A,2338.0,2338.0,7,,9740.0,9740.0,,59,,,870969.0,14480,,,995118.0,,,50578,,503,0,,,,,71039.0,,938170,18066,938170,18066,,,,,924920.0,14992,1068679.0,18432
2020-05-27,FL,A,2400.0,2400.0,62,,9899.0,9899.0,,159,,,880937.0,9968,,,1007406.0,,,51053,,475,0,,,,,71569.0,,952142,13972,952142,13972,,,,,935271.0,10351,1081512.0,12833
2020-05-28,FL,A,2446.0,2446.0,46,,10056.0,10056.0,,157,,,898331.0,17394,,,1007406.0,,,51667,,614,0,,,,,71569.0,,971639,19497,971639,19497,,,,,953321.0,18050,1081512.0,0
2020-05-29,FL,A,2495.0,2495.0,49,,10243.0,10243.0,,187,,,928742.0,30411,,,1028579.0,,,52888,,1221,0,,,,,72521.0,,1008376,36737,1008376,36737,,,,,984160.0,30839,1103658.0,22146
2020-05-30,FL,A,2530.0,2530.0,35,,10375.0,10375.0,,132,,,939544.0,10802,,,1077549.0,,,53640,,752,0,,,,,75508.0,,1022691,14315,1022691,14315,,,,,995886.0,11726,1155650.0,51992
2020-05-31,FL,A,2534.0,2534.0,4,,10453.0,10453.0,,78,,,965186.0,25642,,,1077549.0,,,54510,,870,0,,,,,75508.0,,1049404,26713,1049404,26713,,,,,1022265.0,26379,1155650.0,0
2020-06-01,FL,A,2543.0,2543.0,9,,10494.0,10494.0,,41,,,983570.0,18384,,118053.0,1130070.0,,,55210,,700,0,,,5474.0,,77387.0,,1073626,24222,1073626,24222,,,123552.0,,1041318.0,19053,1210100.0,54450
2020-06-02,FL,A,2613.0,2613.0,70,,10678.0,10678.0,,184,,,992305.0,8735,,118053.0,1130070.0,,,55812,,602,0,,,5474.0,,77387.0,,1083794,10168,1083794,10168,,,123552.0,,1050671.0,9353,1210100.0,0
2020-06-03,FL,B,2650.0,2650.0,37,,10796.0,10796.0,,118,,,1022149.0,29844,,118053.0,1176653.0,,,57021,,1209,0,,,5474.0,,79855.0,,1109419,25625,1109419,25625,,,123552.0,,1081825.0,31154,1259176.0,49076
2020-06-04,FL,A,2691.0,2691.0,41,,10923.0,10923.0,,127,,,1046860.0,24711,,118053.0,1208362.0,,,58286,,1265,0,,,5474.0,,81817.0,,1143981,34562,1143981,34562,,,123552.0,,1107952.0,26127,1292876.0,33700
2020-06-05,FL,A,2745.0,2745.0,54,,11066.0,11066.0,,143,,,1073452.0,26592,,118053.0,1240903.0,,,59305,,1019,0,,,5474.0,,83619.0,,1172244,28263,1172244,28263,,,123552.0,,1135865.0,27913,1327264.0,34388
2020-06-06,FL,A,2773.0,2773.0,28,,11163.0,11163.0,,97,,,1111427.0,37975,,118053.0,1284797.0,,,60549,,1244,0,,,5474.0,,85372.0,,1208092,35848,1208092,35848,,,123552.0,,1175106.0,39241,1372933.0,45669
2020-06-07,FL,A,2786.0,2786.0,13,,11215.0,11215.0,,52,,,1152220.0,40793,,118053.0,1332711.0,,,61941,,1392,0,,,5474.0,,86827.0,,1258807,50715,1258807,50715,,,123552.0,,1217105.0,41999,1422347.0,49414
2020-06-08,FL,A,2798.0,2798.0,12,,11282.0,11282.0,,67,,,1169646.0,17426,,118053.0,1354303.0,,,62970,,1029,0,,,5474.0,,88102.0,,1283747,24940,1283747,24940,,,123552.0,,1235513.0,18408,1445259.0,22912
2020-06-09,FL,A,2851.0,2851.0,53,,11460.0,11460.0,,178,,,1192305.0,22659,,148981.0,1382146.0,,,64128,,1158,0,,,6828.0,,89566.0,,1312922,29175,1312922,29175,,,155835.0,,1259283.0,23770,1474600.0,29341
2020-06-10,FL,A,2889.0,2889.0,38,,11621.0,11621.0,,161,,,1211652.0,19347,,148981.0,1406853.0,,,65370,,1242,0,,,6828.0,,91285.0,,1334261,21339,1334261,21339,,,155835.0,,1280003.0,20720,1501053.0,26453
2020-06-11,FL,A,2938.0,2938.0,49,,11850.0,11850.0,,229,,,1237679.0,26027,,148981.0,1439362.0,,,67039,,1669,0,,,6828.0,,93533.0,,1362057,27796,1362057,27796,,,155835.0,,1307728.0,27725,1535825.0,34772
2020-06-12,FL,A,2967.0,2967.0,29,,11986.0,11986.0,,136,,,1264928.0,27249,,171364.0,1472224.0,,,68673,,1634,0,,,7717.0,,96007.0,,1392549,30492,1392549,30492,,,179109.0,,1336895.0,29167,1571222.0,35397
2020-06-13,FL,A,3016.0,3016.0,49,,12155.0,12155.0,,169,,,1296861.0,31933,,171364.0,1510430.0,,,71149,,2476,0,,,7717.0,,99168.0,,1427556,35007,1427556,35007,,,179109.0,,1371401.0,34506,1612617.0,41395
2020-06-14,FL,A,3022.0,3022.0,6,,12224.0,12224.0,,69,,,1333447.0,36586,,171364.0,1553385.0,,,73282,,2133,0,,,7717.0,,101662.0,,1473348,45792,1473348,45792,,,179109.0,,1409992.0,38591,1658074.0,45457
2020-06-15,FL,A,3030.0,3030.0,8,,12298.0,12298.0,,74,,,1352858.0,19411,,171364.0,1577532.0,,,75042,,1760,0,,,7717.0,,103802.0,,1504255,30907,1504255,30907,,,179109.0,,1431164.0,21172,1684379.0,26305
2020-06-16,FL,A,3085.0,3085.0,55,,12489.0,12489.0,,191,,,1380200.0,27342,,171364.0,1611442.0,,,77733,,2691,0,,,7717.0,,107506.0,,1538668,34413,1538668,34413,,,179109.0,,1461297.0,30133,1722067.0,37688
2020-06-17,FL,A,3110.0,3110.0,25,,12673.0,12673.0,,184,,,1403040.0,22840,,171364.0,1638911.0,,,80160,,2427,0,,,7717.0,,110650.0,,1561493,22825,1561493,22825,,,179109.0,,1486759.0,25462,1752714.0,30647
2020-06-18,FL,A,3154.0,3154.0,44,,12862.0,12862.0,,189,,,1425386.0,22346,,171364.0,1665500.0,,,82854,,2694,0,,,7717.0,,114435.0,,1590585,29092,1590585,29092,,,179109.0,,1512315.0,25556,1783115.0,30401
2020-06-19,FL,A,3197.0,3197.0,43,,13062.0,13062.0,,200,,,1443123.0,17737,,171364.0,1687546.0,,,86167,,3313,0,,,7717.0,,118915.0,,1622106,31521,1622106,31521,,,179109.0,,1533876.0,21561,1809654.0,26539
2020-06-20,FL,A,3237.0,3237.0,40,,13227.0,13227.0,,165,,,1467475.0,24352,,198132.0,1717070.0,,,90169,,4002,0,,,8627.0,,123815.0,,1653080,30974,1653080,30974,,,206789.0,,1562280.0,28404,1844106.0,34452
2020-06-21,FL,A,3254.0,3254.0,17,,13325.0,13325.0,,98,,,1502005.0,34530,,198132.0,1758538.0,,,94786,,4617,0,,,8627.0,,127837.0,,1690172,37092,1690172,37092,,,206789.0,,1600335.0,38055,1889662.0,45556
2020-06-22,FL,A,3266.0,3266.0,12,,13407.0,13407.0,,82,,,1517270.0,15265,,198132.0,1777209.0,,,97537,,2751,0,,,8627.0,,131152.0,,1724166,33994,1724166,33994,,,206789.0,,1618540.0,18205,1911676.0,22014
2020-06-23,FL,A,3333.0,3333.0,67,,13614.0,13614.0,,207,,,1537249.0,19979,,198132.0,1805379.0,,,101335,,3798,0,,,8627.0,,135955.0,,1757843,33677,1757843,33677,,,206789.0,,1641838.0,23298,1944730.0,33054
2020-06-24,FL,A,3377.0,3377.0,44,,13865.0,13865.0,,251,,,1559328.0,22079,,198132.0,1833006.0,,,106806,,5471,0,,,8627.0,,142315.0,,1790441,32598,1790441,32598,,,206789.0,,1669440.0,27602,1978757.0,34027
2020-06-25,FL,A,3423.0,3423.0,46,,14068.0,14068.0,,203,,,1606626.0,47298,,198132.0,1885749.0,,,111797,,4991,0,,,8627.0,,148081.0,,1843506,53065,1843506,53065,,,206789.0,,1721812.0,52372,2037374.0,58617
2020-06-26,FL,A,3464.0,3464.0,41,,14281.0,14281.0,,213,,,1645925.0,39299,,226699.0,1943604.0,,,120611,,8814,0,,,9575.0,,159793.0,,1908520,65014,1908520,65014,,,236304.0,,1770081.0,48269,2107048.0,69674
2020-06-27,FL,A,3489.0,3489.0,25,,14432.0,14432.0,,151,,,1696980.0,51055,,226699.0,2010839.0,,,130145,,9534,0,,,9575.0,,171768.0,,1979724,71204,1979724,71204,,,236304.0,,1830791.0,60710,2186400.0,79352
2020-06-28,FL,A,3518.0,3518.0,29,,14540.0,14540.0,,108,,,1740822.0,43842,,226699.0,2070179.0,,,138499,,8354,0,,,9575.0,,182100.0,,2044514,64790,2044514,64790,,,236304.0,,1883244.0,52453,2256314.0,69914
2020-06-29,FL,A,3546.0,3546.0,28,,14651.0,14651.0,,111,,,1766402.0,25580,,226699.0,2106109.0,,,143862,,5363,0,,,9575.0,,189183.0,,2082221,37707,2082221,37707,,,236304.0,,1914151.0,30907,2299430.0,43116
2020-06-30,FL,A,3604.0,3604.0,58,,14879.0,14879.0,,228,,,1792561.0,26159,,226699.0,2136944.0,,,149889,,6027,0,,,9575.0,,195894.0,,2121648,39427,2121648,39427,,,236304.0,,1946510.0,32359,2337165.0,37735
2020-07-01,FL,A,3650.0,3650.0,46,,15125.0,15125.0,,246,,,1821357.0,28796,,226699.0,2172217.0,,,156434,,6545,0,,,9575.0,,203480.0,,2163496,41848,2163496,41848,,,236304.0,,1981915.0,35405,2380131.0,42966
2020-07-02,FL,A,3718.0,3718.0,68,,15454.0,15454.0,,329,,,1863077.0,41720,,226699.0,2228207.0,,,165876,,9442,0,,,9575.0,,216375.0,,2225989,62493,2225989,62493,,,236304.0,,2033794.0,51879,2449162.0,69031
2020-07-03,FL,A,3785.0,3785.0,67,,15795.0,15795.0,,341,,,1902766.0,39689,,226699.0,2279841.0,,,175200,,9324,0,,,9575.0,,228506.0,,2286612,60623,2286612,60623,,,236304.0,,2083056.0,49262,2513115.0,63953
2020-07-04,FL,A,3803.0,3803.0,18,,16040.0,16040.0,,245,,,1956445.0,53679,,226699.0,2347444.0,,,186530,,11330,0,,,9575.0,,242571.0,,2364452,77840,2364452,77840,,,236304.0,,2148327.0,65271,2595006.0,81891
2020-07-05,FL,A,3832.0,3832.0,29,,16201.0,16201.0,,161,,,2000088.0,43643,,261121.0,2402605.0,,,196386,,9856,0,,,10831.0,,254652.0,,2428240,63788,2428240,63788,,,271978.0,,2202095.0,53768,2662423.0,67417
2020-07-06,FL,A,3880.0,3880.0,48,,16352.0,16352.0,,151,,,2027493.0,27405,,261121.0,2438200.0,,,202623,,6237,0,,,10831.0,,262521.0,,2468749,40509,2468749,40509,,,271978.0,,2235937.0,33842,2706077.0,43654
2020-07-07,FL,A,3943.0,3943.0,63,,16733.0,16733.0,,381,,,2055400.0,27907,,261121.0,2461715.0,,,209922,,7299,0,,,10831.0,,268024.0,,2512111,43362,2512111,43362,,,271978.0,,2271267.0,35330,2735238.0,29161
2020-07-08,FL,A,3991.0,3991.0,48,,17068.0,17068.0,,335,,,2096424.0,41024,,261121.0,2519880.0,,,219869,,9947,0,,,10831.0,,280774.0,,2579547,67436,2579547,67436,,,271978.0,,2322389.0,51122,2806420.0,71182
2020-07-09,FL,A,4111.0,4111.0,120,,17479.0,17479.0,,411,,,2124680.0,28256,,261121.0,2558651.0,,,228759,,8890,0,,,10831.0,,291210.0,,2626323,46776,2626323,46776,,,271978.0,,2359636.0,37247,2855852.0,49432
2020-07-10,FL,A,4203.0,4203.0,92,,17916.0,17916.0,6974.0,437,,,2177476.0,52796,,261121.0,2633526.0,,,240009,,11250,0,,,10831.0,,305374.0,,2711279,84956,2711279,84956,,,271978.0,,2423992.0,64356,2945253.0,89401
2020-07-11,FL,A,4301.0,4301.0,98,,18341.0,18341.0,7186.0,425,,,2220788.0,43312,,284980.0,2703554.0,,,250283,,10274,0,,,12002.0,,318664.0,,2788787,77508,2788787,77508,,,297009.0,,2477810.0,53818,3029149.0,83896
2020-07-12,FL,A,4346.0,4346.0,45,,18590.0,18590.0,7542.0,249,,,2304196.0,83408,,284980.0,2819784.0,,,265432,,15149,0,,,12002.0,,337795.0,,2917932,129145,2917932,129145,,,297009.0,,2576813.0,99003,3165354.0,136205
2020-07-13,FL,A,4381.0,4381.0,35,,18817.0,18817.0,8051.0,227,,,2357139.0,52943,,284980.0,2908137.0,,,277639,,12207,0,,,12002.0,,351831.0,,3018914,100982,3018914,100982,,,297009.0,,2642613.0,65800,3268471.0,103117
2020-07-14,FL,A,4514.0,4514.0,133,,19201.0,19201.0,8354.0,384,,,2393614.0,36475,,284980.0,2957751.0,,,286822,,9183,0,,,12002.0,,363828.0,,3078403,59489,3078403,59489,,,297009.0,,2688366.0,45753,3330418.0,61947
2020-07-15,FL,A,4626.0,4626.0,112,,19659.0,19659.0,8217.0,458,,,2434143.0,40529,,284980.0,3019257.0,,,296814,,9992,0,,,12002.0,,376345.0,,3149444,71041,3149444,71041,,,297009.0,,2739169.0,50803,3404892.0,74474
2020-07-16,FL,A,4782.0,4782.0,156,,20154.0,20154.0,9112.0,495,,,2499843.0,65700,,284980.0,3106801.0,,,310573,,13759,0,,,12002.0,,393209.0,,3252528,103084,3252528,103084,,,297009.0,,2819000.0,79831,3509789.0,104897
2020-07-17,FL,A,4912.0,4912.0,130,,20526.0,20526.0,8961.0,372,,,2553527.0,53684,,284980.0,3183379.0,,,321747,,11174,0,,,12002.0,,407133.0,,3344252,91724,3344252,91724,,,297009.0,,2884245.0,65245,3600738.0,90949
2020-07-18,FL,A,5002.0,5002.0,90,,20969.0,20969.0,9144.0,443,,,2594419.0,40892,,284980.0,3246327.0,,,331920,,10173,0,,,12002.0,,420156.0,,3424946,80694,3424946,80694,,,297009.0,,2935521.0,51276,3677144.0,76406
2020-07-19,FL,A,5091.0,5091.0,89,,21309.0,21309.0,9363.0,340,,,2652594.0,58175,,284980.0,3329053.0,,,344305,,12385,0,,,12002.0,,435616.0,,3526542,101596,3526542,101596,,,297009.0,,3006290.0,70769,3775936.0,98792
2020-07-20,FL,A,5183.0,5183.0,92,,21605.0,21605.0,9489.0,296,,,2691712.0,39118,,284980.0,3384679.0,,,354710,,10405,0,,,12002.0,,448764.0,,3595456,68914,3595456,68914,,,297009.0,,3055922.0,49632,3845270.0,69334
2020-07-21,FL,A,5319.0,5319.0,136,,22123.0,22123.0,9520.0,518,,,2729916.0,38204,,311824.0,3439642.0,,,363973,,9263,0,,,14627.0,,460918.0,,3661911,66455,3661911,66455,,,326476.0,,3103674.0,47752,3912910.0,67640
2020-07-22,FL,A,5459.0,5459.0,140,,22588.0,22588.0,9475.0,465,,,2775092.0,45176,,311824.0,3507785.0,,,373637,,9664,0,,,14627.0,,473128.0,,3750496,88585,3750496,88585,,,326476.0,,3158741.0,55067,3993867.0,80957
2020-07-23,FL,A,5632.0,5632.0,173,,22991.0,22991.0,9422.0,403,,,2821074.0,45982,,311824.0,3574573.0,,,383749,,10112,0,,,14627.0,,486782.0,,3830539,80043,3830539,80043,,,326476.0,,3215185.0,56444,4075056.0,81189
2020-07-24,FL,A,5768.0,5768.0,136,,23575.0,23575.0,9200.0,584,,,2874324.0,53250,,311824.0,3649517.0,,,396069,,12320,0,,,14627.0,,502625.0,,3921208,90669,3921208,90669,,,326476.0,,3281087.0,65902,4166644.0,91588
2020-07-25,FL,A,5894.0,5894.0,126,,24086.0,24086.0,9035.0,511,,,2921866.0,47542,,334221.0,3728507.0,,,408114,,12045,0,,,18780.0,,519405.0,,4023711,102503,4023711,102503,,,353026.0,,3340929.0,59842,4263177.0,96533
2020-07-26,FL,A,5972.0,5972.0,78,,24421.0,24421.0,8951.0,335,,,2962648.0,40782,,334221.0,3793442.0,,,417360,,9246,0,,,18780.0,,531369.0,,4105191,81480,4105191,81480,,,353026.0,,3391133.0,50204,4340661.0,77484
2020-07-27,FL,A,6049.0,6049.0,77,,24690.0,24690.0,9098.0,269,,,2998750.0,36102,,334221.0,3851809.0,,,426164,,8804,0,,,18780.0,,542920.0,,4180523,75332,4180523,75332,,,353026.0,,3436270.0,45137,4411284.0,70623
2020-07-28,FL,A,6240.0,6240.0,191,,25280.0,25280.0,8992.0,590,,,3038322.0,39572,,334221.0,3912374.0,,,435302,,9138,0,,,18780.0,,555415.0,,4256937,76414,4256937,76414,,,353026.0,,3485141.0,48871,4485040.0,73756
2020-07-29,FL,A,6457.0,6457.0,217,,25867.0,25867.0,8720.0,587,,,3075342.0,37020,,334221.0,3971204.0,,,444622,,9320,0,,,18780.0,,567610.0,,4331458,74521,4331458,74521,,,353026.0,,3531721.0,46580,4557000.0,71960
2020-07-30,FL,A,6709.0,6709.0,252,,26386.0,26386.0,8395.0,519,,,3117738.0,42396,339059.0,334221.0,4035319.0,,,454457,,9835,0,19175.0,,18780.0,,580808.0,,4411574,80116,4411574,80116,358283.0,,353026.0,,3584193.0,52472,4635026.0,78026
2020-07-31,FL,A,6966.0,6966.0,257,,26905.0,26905.0,8209.0,519,,,3157702.0,39964,339059.0,334221.0,4099817.0,,,463357,,8900,0,19175.0,,18780.0,,592572.0,,4493776,82202,4493776,82202,358283.0,,353026.0,,3633393.0,49200,4712187.0,77161
2020-08-01,FL,A,7144.0,7144.0,178,,27344.0,27344.0,8072.0,439,,,3199415.0,41713,339059.0,334221.0,4166771.0,,,472859,,9502,0,19175.0,,18780.0,,605946.0,,4578231,84455,4578231,84455,358283.0,,353026.0,,3684875.0,51482,4793361.0,81174
2020-08-02,FL,A,7206.0,7206.0,62,,27524.0,27524.0,7952.0,180,,,3233865.0,34450,339059.0,334221.0,4221931.0,,,479915,,7056,0,19175.0,,18780.0,,615892.0,,4652563,74332,4652563,74332,358283.0,,353026.0,,3726562.0,41687,4859321.0,65960
2020-08-03,FL,A,7279.0,7279.0,73,,27744.0,27744.0,7938.0,220,,,3260914.0,27049,339059.0,334221.0,4263794.0,,,484729,,4814,0,19175.0,,18780.0,,622594.0,,4704476,51913,4704476,51913,358283.0,,353026.0,,3758496.0,31934,4908466.0,49145
2020-08-04,FL,A,7526.0,7526.0,247,,28333.0,28333.0,7857.0,589,,,3287128.0,26214,339059.0,334221.0,4305309.0,,,490086,,5357,0,19175.0,,18780.0,,630093.0,,4752867,48391,4752867,48391,358283.0,,353026.0,,3790202.0,31706,4957810.0,49344
2020-08-05,FL,A,7751.0,7751.0,225,,28956.0,28956.0,7615.0,623,,,3312145.0,25017,339059.0,334221.0,4344367.0,,,495510,,5424,0,19175.0,,18780.0,,637404.0,,4801814,48947,4801814,48947,358283.0,,353026.0,,3820683.0,30481,5004570.0,46760
2020-08-06,FL,A,7871.0,7871.0,120,,29515.0,29515.0,7459.0,559,,,3346974.0,34829,339059.0,334221.0,4403366.0,,,503083,,7573,0,19175.0,,18780.0,,646583.0,,4890559,88745,4890559,88745,358283.0,,353026.0,,3863276.0,42593,5073879.0,69309
2020-08-07,FL,A,8051.0,8051.0,180,,30114.0,30114.0,7144.0,599,,,3378864.0,31890,339059.0,334221.0,4453694.0,,,510624,,7541,0,19175.0,,18780.0,,656841.0,,4964316,73757,4964316,73757,358283.0,,353026.0,,3903010.0,39734,5135173.0,61294
2020-08-08,FL,A,8238.0,8238.0,187,,30639.0,30639.0,6890.0,525,,,3419295.0,40431,381574.0,375046.0,4518861.0,,,518967,,8343,0,27323.0,,26788.0,,667997.0,,5047703,83387,5047703,83387,408950.0,,401862.0,,3952028.0,49018,5212309.0,77136
2020-08-09,FL,A,8315.0,8315.0,77,,30893.0,30893.0,6848.0,254,,,3452857.0,33562,381574.0,375046.0,4571866.0,,,525106,,6139,0,27323.0,,26788.0,,676365.0,,5119253,71550,5119253,71550,408950.0,,401862.0,,3991826.0,39798,5274241.0,61932
2020-08-10,FL,A,8408.0,8408.0,93,,31177.0,31177.0,6948.0,284,,,3476896.0,24039,381574.0,375046.0,4611442.0,,,529256,,4150,0,27323.0,,26788.0,,682190.0,,5167187,47934,5167187,47934,408950.0,,401862.0,,4020073.0,28247,5320145.0,45904
2020-08-11,FL,A,8685.0,8685.0,277,,31750.0,31750.0,6753.0,573,,,3506483.0,29587,381574.0,375046.0,4658471.0,,,535018,,5762,0,27323.0,,26788.0,,690302.0,,5222659,55472,5222659,55472,408950.0,,401862.0,,4055587.0,35514,5375903.0,55758
2020-08-12,FL,A,8898.0,,213,,32349.0,32349.0,6551.0,599,,,3536678.0,30195,381574.0,375046.0,4709452.0,,,543113,,8095,0,27323.0,,26788.0,,701395.0,,5289628,66969,5289628,66969,408950.0,,401862.0,,4093972.0,38385,5438795.0,62892
2020-08-13,FL,A,9047.0,,149,,32947.0,32947.0,6325.0,598,,,3564981.0,28303,381574.0,375046.0,4758626.0,,,549340,,6227,0,27323.0,,26788.0,,710087.0,,5354124,64496,5354124,64496,408950.0,,401862.0,,4128584.0,34612,5497351.0,58556
2020-08-14,FL,A,9276.0,,229,,33568.0,33568.0,5893.0,621,,,3597280.0,32299,381574.0,375046.0,4814951.0,,,557337,552000.0,7997,0,27323.0,,26788.0,,718241.0,,5428856,74732,5428856,74732,408950.0,,401862.0,,4148396.0,19812,5562499.0,65148
2020-08-15,FL,A,9480.0,,204,,34074.0,34074.0,5721.0,506,,,3633088.0,35808,381574.0,375046.0,4875096.0,,,563628,558171.0,6291,0,27323.0,,26788.0,,726846.0,,5509603,80747,5509603,80747,408950.0,,401862.0,,4190626.0,42230,5632204.0,69705
2020-08-16,FL,A,9587.0,,107,,34341.0,34341.0,5690.0,267,,,3659212.0,26124,381574.0,375046.0,4917254.0,,,567375,561901.0,3747,0,27323.0,,26788.0,,732039.0,,5558341,48738,5558341,48738,408950.0,,401862.0,,4220532.0,29906,5679906.0,47702
2020-08-17,FL,B,9674.0,,87,,34607.0,34607.0,5631.0,266,,,3676782.0,17570,381574.0,375046.0,4946578.0,,,570024,564528.0,2649,0,27323.0,,26788.0,,735900.0,,5590913,32572,5590913,32572,408950.0,,401862.0,,4240770.0,20238,5713403.0,33497
2020-08-18,FL,B,9893.0,,219,,35112.0,35112.0,5484.0,505,,,3699108.0,22326,381574.0,375046.0,4984524.0,,,573811,568161.0,3787,0,27323.0,,26788.0,,741276.0,,5639141,48228,5639141,48228,408950.0,,401862.0,,4266865.0,26095,5757074.0,43671
2020-08-19,FL,A,10067.0,,174,,35620.0,35620.0,5298.0,508,,,3722192.0,23084,381574.0,375046.0,5027142.0,,,577891,572079.0,4080,0,27323.0,,26788.0,,746905.0,,5696967,57826,5696967,57826,408950.0,,401862.0,,4294217.0,27352,5805672.0,48598
2020-08-20,FL,A,10186.0,,119,,36070.0,36070.0,5067.0,450,,,3747150.0,24958,381574.0,375046.0,5070645.0,,,582407,576315.0,4516,0,27323.0,,26788.0,,753364.0,,5763199,66232,5763199,66232,408950.0,,401862.0,,4323688.0,29471,5856136.0,50464
2020-08-21,FL,A,10304.0,,118,,36425.0,36425.0,4902.0,355,,,3773926.0,26776,411877.0,403867.0,5117438.0,,,587023,580588.0,4616,0,34738.0,,34017.0,,759737.0,,5830583,67384,5830583,67384,446669.0,,437913.0,,4355148.0,31460,5909822.0,53686
2020-08-22,FL,A,10411.0,,107,,36764.0,36764.0,4745.0,339,,,3804250.0,30324,411877.0,403867.0,5171972.0,,,591283,584680.0,4260,0,34738.0,,34017.0,,765446.0,,5915679,85096,5915679,85096,446669.0,,437913.0,,4389768.0,34620,5970687.0,60865
2020-08-23,FL,A,10462.0,,51,,36903.0,36903.0,4580.0,139,,,3828062.0,23812,411877.0,403867.0,5212677.0,,,594287,587629.0,3004,0,34738.0,,34017.0,,769714.0,,5968059,52380,5968059,52380,446669.0,,437913.0,,4416603.0,26835,6016043.0,45356
2020-08-24,FL,A,10534.0,,72,,37032.0,37032.0,4646.0,129,,,3844327.0,16265,411877.0,403867.0,5240838.0,,,596511,589591.0,2224,0,34738.0,,34017.0,,772578.0,,6007222,39163,6007222,39163,446669.0,,437913.0,,4435085.0,18482,6047364.0,31321
2020-08-25,FL,A,10717.0,,183,,37477.0,37477.0,4544.0,445,,,3861022.0,16695,411877.0,403867.0,5270516.0,,,599176,591989.0,2665,0,34738.0,,34017.0,,776457.0,,6043455,36233,6043455,36233,446669.0,,437913.0,,4454485.0,19400,6081254.0,33890
2020-08-26,FL,A,10872.0,,155,,37847.0,37847.0,4405.0,370,,,3884096.0,23074,411877.0,403867.0,5310027.0,,,602113,594604.0,2937,0,34738.0,,34017.0,,781065.0,,6099975,56520,6099975,56520,446669.0,,437913.0,,4480431.0,25946,6125699.0,44445
2020-08-27,FL,A,11011.0,,139,,38163.0,38163.0,4252.0,316,,,3905373.0,21277,411877.0,403867.0,5346674.0,,,605342,597508.0,3229,0,34738.0,,34017.0,,785463.0,,6150627,50652,6150627,50652,446669.0,,437913.0,,4504911.0,24480,6167043.0,41344
2020-08-28,FL,A,11099.0,,88,,38474.0,38474.0,4001.0,311,,,3931871.0,26498,411877.0,403867.0,5390000.0,,,609074,600982.0,3732,0,34738.0,,34017.0,,790677.0,,6215891,65264,6215891,65264,446669.0,,437913.0,,4535184.0,30273,6216004.0,48961
2020-08-29,FL,A+,11249.0,,150,,38761.0,38761.0,3799.0,287,,,3956208.0,24337,411877.0,403867.0,5431783.0,,,612206,603892.0,3132,0,34738.0,,34017.0,,794867.0,,6278817,62926,6278817,62926,446669.0,,437913.0,,4562680.0,27496,6262317.0,46313
2020-08-30,FL,A+,11263.0,,14,,38857.0,38857.0,3793.0,96,,,3978022.0,21814,411877.0,403867.0,5469322.0,,,614753,606336.0,2547,0,34738.0,,34017.0,,798352.0,,6330707,51890,6330707,51890,446669.0,,437913.0,,4587076.0,24396,6303641.0,41324
2020-08-31,FL,A+,11331.0,,68,,38942.0,38942.0,3736.0,85,,,3992068.0,14046,411877.0,403867.0,5492615.0,,,616629,608109.0,1876,0,34738.0,,34017.0,,800773.0,,6364260,33553,6364260,33553,446669.0,,437913.0,,4603050.0,15974,6329581.0,25940
2020-09-01,FL,A+,11521.0,,190,,39311.0,39311.0,3623.0,369,,,4044826.0,52758,411877.0,403867.0,5579764.0,,,624116,615240.0,7487,0,34738.0,,34017.0,,812402.0,,6474550,110290,6474550,110290,446669.0,,437913.0,,4663302.0,60252,6428982.0,99401
2020-09-02,FL,A+,11651.0,,130,,39611.0,39611.0,3511.0,300,,,4060360.0,15534,411877.0,403867.0,5608276.0,,,626426,617233.0,2310,0,34738.0,,34017.0,,815752.0,,6518566,44016,6518566,44016,446669.0,,437913.0,,4681135.0,17833,6461035.0,32053
2020-09-03,FL,A+,11800.0,,149,,39884.0,39884.0,3438.0,273,,,4080683.0,20323,411877.0,403867.0,5642186.0,,,629913,620332.0,3487,0,34738.0,,34017.0,,820290.0,,6575983,57417,6575983,57417,446669.0,,437913.0,,4704959.0,23824,6499749.0,38714
2020-09-04,FL,A+,11903.0,,103,,40127.0,40127.0,3360.0,243,,,4099796.0,19113,411877.0,403867.0,5677015.0,,,633060,623160.0,3147,0,34738.0,,34017.0,,824418.0,,6638472,62489,6638472,62489,446669.0,,437913.0,,4727240.0,22281,6538991.0,39242
2020-09-05,FL,A+,11963.0,,60,,40373.0,40373.0,3229.0,246,,,4119940.0,20144,411877.0,403867.0,5712716.0,,,636653,626376.0,3593,0,34738.0,,34017.0,,829243.0,,6699970,61498,6699970,61498,446669.0,,437913.0,,4750980.0,23740,6579765.0,40774
2020-09-06,FL,A+,12001.0,,38,,40487.0,40487.0,3167.0,114,,,4138339.0,18399,411877.0,403867.0,5742293.0,,,639166,628731.0,2513,0,34738.0,,34017.0,,832459.0,,6749937,49967,6749937,49967,446669.0,,437913.0,,4750980.0,0,6612703.0,32938
2020-09-07,FL,A+,12023.0,,22,,40547.0,40547.0,3157.0,60,,,4153415.0,15076,411877.0,403867.0,5769019.0,,,640978,630479.0,1812,0,34738.0,,34017.0,,834866.0,,6790731,40794,6790731,40794,446669.0,,437913.0,,4788781.0,37801,6642061.0,29358
2020-09-08,FL,A+,12067.0,,44,,40661.0,40661.0,3155.0,114,,,4166781.0,13366,411877.0,403867.0,5792121.0,,,642775,632146.0,1797,0,34738.0,,34017.0,,837246.0,,6827065,36334,6827065,36334,446669.0,,437913.0,,4803934.0,15153,6667691.0,25630
2020-09-09,FL,A+,12269.0,,202,,40985.0,40985.0,3077.0,324,,,4179100.0,12319,411877.0,403867.0,5818991.0,,,644781,633787.0,2006,0,34738.0,,34017.0,,840250.0,,6865939,38874,6865939,38874,446669.0,,437913.0,,4818178.0,14244,6697687.0,29996
2020-09-10,FL,A+,12482.0,,213,,41279.0,41279.0,2896.0,294,,,4195528.0,16428,411877.0,403867.0,5848754.0,,,647318,635910.0,2537,0,34738.0,,34017.0,,843542.0,,6911776,45837,6911776,45837,446669.0,,437913.0,,4837107.0,18929,6730958.0,33271
2020-09-11,FL,A+,12658.0,,176,,41494.0,41494.0,2815.0,215,,,4218375.0,22847,411877.0,403867.0,5888216.0,,,650922,639124.0,3604,0,34738.0,,34017.0,,847950.0,,6977912,66136,6977912,66136,446669.0,,437913.0,,4863570.0,26463,6775044.0,44086
2020-09-12,FL,A+,12756.0,,98,,41687.0,41687.0,2683.0,193,,,4240109.0,21734,411877.0,403867.0,5926779.0,,,654090,641864.0,3168,0,34738.0,,34017.0,,851937.0,,7049267,71355,7049267,71355,446669.0,,437913.0,,4888491.0,24921,6818027.0,42983
2020-09-13,FL,A+,12764.0,,8,,41769.0,41769.0,2631.0,82,,,4259936.0,19827,411877.0,403867.0,5961411.0,,,656485,644180.0,2395,0,34738.0,,34017.0,,854899.0,,7105309,56042,7105309,56042,446669.0,,437913.0,,4910702.0,22211,6855793.0,37766
2020-09-14,FL,A+,12800.0,,36,,41846.0,41846.0,2637.0,77,,,4275278.0,15342,411877.0,403867.0,5988176.0,,,658203,645799.0,1718,0,34738.0,,34017.0,,857173.0,,7151340,46031,7151340,46031,446669.0,,437913.0,,4927775.0,17073,6884994.0,29201
2020-09-15,FL,A+,12946.0,,146,,42127.0,42127.0,2574.0,281,,,4300001.0,24723,411877.0,403867.0,6027117.0,,,660946,648279.0,2743,0,34738.0,,34017.0,,861098.0,,7214436,63096,7214436,63096,446669.0,,437913.0,,4955265.0,27490,6928032.0,43038
2020-09-16,FL,A,13100.0,,154,,42327.0,42327.0,2464.0,200,,,4312822.0,12821,411877.0,403867.0,6054308.0,,,663234,650185.0,2288,0,34738.0,,34017.0,,864052.0,,7266009,51573,7266009,51573,446669.0,,437913.0,,4970495.0,15230,6958326.0,30294
2020-09-17,FL,A,13247.0,,147,,42525.0,42525.0,2385.0,198,,,4336517.0,23695,411877.0,403867.0,6095243.0,,,666507,653089.0,3273,0,34738.0,,34017.0,,868101.0,,7339212,73203,7339212,73203,446669.0,,437913.0,,4997489.0,26994,7003515.0,45189
2020-09-18,FL,A,13387.0,,140,,42715.0,42715.0,2383.0,190,,,4360601.0,24084,411877.0,403867.0,6136843.0,,,669684,655976.0,3177,0,34738.0,,34017.0,,872145.0,,7415354,76142,7415354,76142,446669.0,,437913.0,,5024730.0,27241,7049372.0,45857
2020-09-19,FL,A,13450.0,,63,,42858.0,42858.0,2266.0,143,,,4387321.0,26720,411877.0,403867.0,6182971.0,,,673194,659147.0,3510,0,34738.0,,34017.0,,876603.0,,7493574,78220,7493574,78220,446669.0,,437913.0,,5054955.0,30225,7100176.0,50804
2020-09-20,FL,A,13459.0,,9,,42939.0,42939.0,2292.0,81,,,4411335.0,24014,411877.0,403867.0,6222032.0,,,675691,661506.0,2497,0,34738.0,,34017.0,,879887.0,,7547048,53474,7547048,53474,446669.0,,437913.0,,5054955.0,0,7142713.0,42537
2020-09-21,FL,A,13480.0,,21,,43033.0,43033.0,2266.0,94,,,4427821.0,16486,460024.0,449702.0,6251909.0,,,677362,663172.0,1671,0,45080.0,,44075.0,,882212.0,,7585328,38280,7585328,38280,505164.0,,493810.0,,5099693.0,44738,7175080.0,32367
2020-09-22,FL,A,13579.0,,99,,43261.0,43261.0,2319.0,228,,,4444433.0,16612,460024.0,449702.0,6282680.0,,,679776,665194.0,2414,0,45080.0,,44075.0,,885350.0,,7625850,40522,7625850,40522,505164.0,,493810.0,,5118720.0,19027,7209122.0,34042
2020-09-23,FL,A,13782.0,,203,,43433.0,43433.0,2254.0,172,,,4465481.0,21048,460024.0,449702.0,6318956.0,,,682370,667341.0,2594,0,45080.0,,44075.0,,888751.0,,7674776,48926,7674776,48926,505164.0,,493810.0,,5142356.0,23636,7248950.0,39828
2020-09-24,FL,A,13961.0,,179,,43621.0,43621.0,2169.0,188,,,4486459.0,20978,460024.0,449702.0,6356072.0,,,684847,669456.0,2477,0,45080.0,,44075.0,,892098.0,,7732872,58096,7732872,58096,505164.0,,493810.0,,5165815.0,23459,7289544.0,40594
2020-09-25,FL,A,14083.0,,122,,43793.0,43793.0,2121.0,172,,,4510107.0,23648,460024.0,449702.0,6397559.0,,,687656,671909.0,2809,0,45080.0,,44075.0,,895592.0,,7798487,65615,7798487,65615,505164.0,,493810.0,,5192258.0,26443,7334687.0,45143
2020-09-26,FL,A,14190.0,,107,,43964.0,43964.0,2099.0,171,,,4536325.0,26218,460024.0,449702.0,6443064.0,,,690387,674330.0,2731,0,45080.0,,44075.0,,899158.0,,7864927,66440,7864927,66440,505164.0,,493810.0,,5221217.0,28959,7383930.0,49243
2020-09-27,FL,A,14202.0,,12,,44030.0,44030.0,2103.0,66,,,4552877.0,16552,460024.0,449702.0,6471344.0,,,692234,676033.0,1847,0,45080.0,,44075.0,,901475.0,,7910195,45268,7910195,45268,505164.0,,493810.0,,5239619.0,18402,7414619.0,30689
2020-09-28,FL,A,14207.0,,5,,44103.0,44103.0,2122.0,73,,,4560370.0,7493,460024.0,449702.0,6485581.0,,,692962,676712.0,728,0,45080.0,,44075.0,,902486.0,,7929199,19004,7929199,19004,505164.0,,493810.0,,5247825.0,8206,7429896.0,15277
2020-09-29,FL,A,14313.0,,106,,44355.0,44355.0,2174.0,252,,,4585548.0,25178,460024.0,449702.0,6530457.0,,,696171,679513.0,3209,0,45080.0,,44075.0,,906707.0,,7993421,64222,7993421,64222,505164.0,,493810.0,,5276220.0,28395,7479186.0,49290
2020-09-30,FL,A,14488.0,,175,,44608.0,44608.0,2097.0,253,,,4594668.0,9120,460024.0,449702.0,6555737.0,,,698051,681129.0,1880,0,45080.0,,44075.0,,909158.0,,8034148,40727,8034148,40727,505164.0,,493810.0,,5287218.0,10998,7507015.0,27829
2020-10-01,FL,A,14619.0,,131,,44821.0,44821.0,2080.0,213,,,4616691.0,22023,478794.0,467286.0,6593392.0,,,700602,683148.0,2551,0,49819.0,,48639.0,,912821.0,,8094054,59906,8094054,59906,528773.0,,516042.0,,5311806.0,24588,7548520.0,41505
2020-10-02,FL,A,14730.0,,111,,44991.0,44991.0,2056.0,170,,,4639717.0,23026,478794.0,467286.0,6634374.0,,,703212,685380.0,2610,0,49819.0,,48639.0,,916241.0,,8164667,70613,8164667,70613,528773.0,,516042.0,,5311806.0,0,7593083.0,44563
2020-10-03,FL,A,14803.0,,73,,45151.0,45151.0,2037.0,160,,,4661868.0,22151,478794.0,467286.0,6673069.0,,,705965,687700.0,2753,0,49819.0,,48639.0,,919782.0,,8222917,58250,8222917,58250,528773.0,,516042.0,,5362516.0,50710,7635461.0,42378
2020-10-04,FL,A,14845.0,,42,,45215.0,45215.0,2040.0,64,,,4680415.0,18547,478794.0,467286.0,6704124.0,,,707751,689253.0,1786,0,49819.0,,48639.0,,922273.0,,8272347,49430,8272347,49430,528773.0,,516042.0,,5362326.0,-190,7669111.0,33650
2020-10-05,FL,A,14886.0,,41,,45282.0,45282.0,2118.0,67,,,4694809.0,14394,478794.0,467286.0,6731612.0,,,709157,690604.0,1406,0,49819.0,,48639.0,,924053.0,,8307712,35365,8307712,35365,528773.0,,516042.0,,5398488.0,36162,7698475.0,29364
2020-10-06,FL,A,14945.0,,59,,45519.0,45519.0,2151.0,237,,,4713453.0,18644,478794.0,467286.0,6764112.0,,,711358,692335.0,2201,0,49819.0,,48639.0,,927148.0,,8350705,42993,8350705,42993,528773.0,,516042.0,,5419343.0,20855,7734181.0,35706
2020-10-07,FL,A,15084.0,,139,,45777.0,45777.0,2121.0,258,,,4737004.0,23551,487730.0,475588.0,6804700.0,,,713902,694361.0,2544,0,51923.0,,50676.0,,930493.0,,8411529,60824,8411529,60824,539844.0,,526404.0,,5445417.0,26074,7778257.0,44076
2020-10-08,FL,A,15254.0,,170,,46005.0,46005.0,2141.0,228,,,4763745.0,26741,487730.0,475588.0,6850539.0,,,717148,697188.0,3246,0,51923.0,,50676.0,,934530.0,,8482940,71411,8482940,71411,539844.0,,526404.0,,5475395.0,29978,7828266.0,50009
2020-10-09,FL,A,15372.0,,118,,46201.0,46201.0,2143.0,196,,,4789241.0,25496,487730.0,475588.0,6895066.0,,,720001,699734.0,2853,0,51923.0,,50676.0,,938197.0,,8552582,69642,8552582,69642,539844.0,,526404.0,,5503775.0,28380,7876609.0,48343
2020-10-10,FL,A,15372.0,,0,,46201.0,46201.0,2077.0,0,,,4789241.0,0,487730.0,475588.0,6895066.0,,,720001,699734.0,0,0,51923.0,,50676.0,,938197.0,,8575105,22523,8575105,22523,539844.0,,526404.0,,5503775.0,0,7876609.0,0
2020-10-11,FL,A,15552.0,,180,,46450.0,46450.0,2123.0,249,,,4816040.0,26799,487730.0,475588.0,6979043.0,,,725415,704398.0,5414,0,51923.0,,50676.0,,945112.0,,8680909,105804,8680909,105804,539844.0,,526404.0,,5535937.0,32162,7967703.0,91094
2020-10-12,FL,A,15599.0,,47,,46541.0,46541.0,2206.0,91,,,4831259.0,15219,487730.0,475588.0,7008414.0,,,726934,705750.0,1519,0,51923.0,,50676.0,,947094.0,,8717711,36802,8717711,36802,539844.0,,526404.0,,5552679.0,16742,7999103.0,31400
2020-10-13,FL,A,15722.0,,123,,46753.0,46753.0,2127.0,212,,,4854675.0,23416,487730.0,475588.0,7048383.0,,,729591,708010.0,2657,0,51923.0,,50676.0,,950606.0,,8771490,53779,8771490,53779,539844.0,,526404.0,,5578731.0,26052,8042762.0,43659
2020-10-14,FL,A,15788.0,,66,,47011.0,47011.0,2155.0,258,,,4873615.0,18940,487730.0,475588.0,7084988.0,,,732399,710164.0,2808,0,51923.0,,50676.0,,954232.0,,8824105,52615,8824105,52615,539844.0,,526404.0,,5600469.0,21738,8083092.0,40330
2020-10-15,FL,A,15932.0,,144,,47223.0,47223.0,2119.0,212,,,4898533.0,24918,487730.0,475588.0,7127425.0,,,735685,712788.0,3286,0,51923.0,,50676.0,,958498.0,,8887690,63585,8887690,63585,539844.0,,526404.0,,5628675.0,28206,8129895.0,46803
2020-10-16,FL,A,16030.0,,98,,47396.0,47396.0,2083.0,173,,,4925248.0,26715,487730.0,475588.0,7173295.0,,,739050,715492.0,3365,0,51923.0,,50676.0,,962813.0,,8965336,77646,8965336,77646,539844.0,,526404.0,,5658780.0,30105,8180183.0,50288
2020-10-17,FL,A,16118.0,,88,,47513.0,47513.0,2031.0,117,,,4951619.0,26371,487730.0,475588.0,7226175.0,,,743018,718916.0,3968,0,51923.0,,50676.0,,967848.0,,9042143,76807,9042143,76807,539844.0,,526404.0,,5689110.0,30330,8238315.0,58132
2020-10-18,FL,A,16168.0,,50,,47592.0,47592.0,2005.0,79,,,4967372.0,15753,487730.0,475588.0,7262384.0,,,745492,721118.0,2474,0,51923.0,,50676.0,,971097.0,,9095257,53114,9095257,53114,539844.0,,526404.0,,5689110.0,0,8277870.0,39555
2020-10-19,FL,A,16222.0,,54,,47664.0,47664.0,2057.0,72,,,4982556.0,15184,487730.0,475588.0,7291080.0,,,747183,722626.0,1691,0,51923.0,,50676.0,,973367.0,,9131321,36064,9131321,36064,539844.0,,526404.0,,5724215.0,35105,8308895.0,31025
2020-10-20,FL,A,16308.0,,86,,47895.0,47895.0,2094.0,231,,,5007558.0,25002,487730.0,475588.0,7334681.0,,,750739,725571.0,3556,0,51923.0,,50676.0,,978150.0,,9189623,58302,9189623,58302,539844.0,,526404.0,,5752796.0,28581,8357405.0,48510
2020-10-21,FL,A,16308.0,,0,,47895.0,47895.0,2125.0,0,,,5007558.0,0,487730.0,475588.0,7358921.0,,,752845,726989.0,2106,0,51923.0,,50676.0,,980858.0,,9221524,31901,9221524,31901,539844.0,,526404.0,,5763829.0,11033,8384437.0,27032
2020-10-22,FL,A,16470.0,,162,,48320.0,48320.0,2074.0,425,,,5053848.0,46290,487730.0,475588.0,7420252.0,,,758306,731460.0,5461,0,51923.0,,50676.0,,988033.0,,9318880,97356,9318880,97356,539844.0,,526404.0,,5806641.0,42812,8453122.0,68685
2020-10-23,FL,A,16544.0,,74,,48510.0,48510.0,2114.0,190,,,5093972.0,40124,487730.0,475588.0,7484952.0,,,761924,734208.0,3618,0,51923.0,,50676.0,,992669.0,,9411692,92812,9411692,92812,539844.0,,526404.0,,5850390.0,43749,8522644.0,69522
2020-10-24,FL,A,16620.0,,76,,48684.0,48684.0,2162.0,174,,,5161810.0,67838,487730.0,475588.0,7575340.0,,,766305,737835.0,4381,0,51923.0,,50676.0,,998106.0,,9532175,120483,9532175,120483,539844.0,,526404.0,,5922634.0,72244,8618680.0,96036
2020-10-25,FL,A,16632.0,,12,,48766.0,48766.0,2219.0,82,,,5174087.0,12277,487730.0,475588.0,7611074.0,,,768653,739764.0,2348,0,51923.0,,50676.0,,1001127.0,,9582390,50215,9582390,50215,539844.0,,526404.0,,5937266.0,14632,8657522.0,38842
2020-10-26,FL,A,16652.0,,20,,48842.0,48842.0,2258.0,76,,,5202736.0,28649,487730.0,475588.0,7653423.0,,,771989,742588.0,3336,0,51923.0,,50676.0,,1005534.0,,9638950,56560,9638950,56560,539844.0,,526404.0,,5969240.0,31974,8704355.0,46833
2020-10-27,FL,A,16709.0,,57,,49077.0,49077.0,2316.0,235,,,5215423.0,12687,487730.0,475588.0,7702522.0,,,776215,745829.0,4226,0,51923.0,,50676.0,,1011016.0,,9703491,64541,9703491,64541,539844.0,,526404.0,,5991638.0,22398,8759147.0,54792
2020-10-28,FL,A,16775.0,,66,,49289.0,49289.0,2340.0,212,,,5249957.0,34534,515517.0,501250.0,7754583.0,,,780220,748577.0,4005,0,58365.0,,56856.0,,1016138.0,,9774192,70701,9774192,70701,574229.0,,558367.0,,6030177.0,38539,8816429.0,57282
2020-10-29,FL,A,16854.0,,79,,49580.0,49580.0,2347.0,291,,,5284167.0,34210,515517.0,501250.0,7814747.0,,,784331,751557.0,4111,0,58365.0,,56856.0,,1021507.0,,9855604,81412,9855604,81412,574229.0,,558367.0,,6068498.0,38321,8882061.0,65632
2020-10-30,FL,A,16927.0,,73,,49758.0,49758.0,2356.0,178,,,5284167.0,0,515517.0,501250.0,7884446.0,,,789714,755749.0,5383,0,58365.0,,56856.0,,1028626.0,,9943626,88022,9943626,88022,574229.0,,558367.0,,6073881.0,5383,8959108.0,77047
2020-10-31,FL,A,16969.0,,42,,49914.0,49914.0,2297.0,156,,,5334795.0,50628,525620.0,509924.0,7910274.0,,,791997,757438.0,2283,0,60753.0,,59014.0,,1031299.0,,9979348,35722,9979348,35722,586749.0,,569222.0,,6126792.0,52911,8987650.0,28542
2020-11-01,FL,A,16997.0,,28,,49981.0,49981.0,2370.0,67,,,5379089.0,44294,525620.0,509924.0,7996560.0,,,796802,762674.0,4805,0,60753.0,,59014.0,,1039916.0,,10086898,107550,10086898,107550,586749.0,,569222.0,,6175891.0,49099,9082827.0,95177
2020-11-02,FL,A,17043.0,,46,,50063.0,50063.0,2474.0,82,,,5399014.0,19925,525620.0,509924.0,8032771.0,,,801371,764828.0,4569,0,60753.0,,59014.0,,1043586.0,,10126764,39866,10126764,39866,586749.0,,569222.0,,6200385.0,24494,9122796.0,39969
2020-11-03,FL,A,17099.0,,56,,50298.0,50298.0,2486.0,235,,,5419836.0,20822,525620.0,509924.0,8042023.0,,,805924,768129.0,4553,0,60753.0,,59014.0,,1043239.0,,10182460,55696,10182460,55696,586749.0,,569222.0,,6225760.0,25375,9131763.0,8967
2020-11-04,FL,A,17131.0,,32,,50479.0,50479.0,2489.0,181,,,5436911.0,17075,525620.0,509924.0,8062691.0,,,810256,771364.0,4332,0,60753.0,,59014.0,,1047159.0,,10236958,54498,10236958,54498,586749.0,,569222.0,,6247167.0,21407,9156482.0,24719
2020-11-05,FL,A,17170.0,,39,,50670.0,50670.0,2523.0,191,,,5474729.0,37818,525620.0,509924.0,8126664.0,,,816376,775950.0,6120,0,60753.0,,59014.0,,1055010.0,,10328997,92039,10328997,92039,586749.0,,569222.0,,6291105.0,43938,9228473.0,71991
2020-11-06,FL,A,17224.0,,54,,50868.0,50868.0,2564.0,198,,,5504450.0,29721,531822.0,517552.0,8179656.0,,,821526,779662.0,5150,0,62323.0,,60854.0,,1061448.0,,10405346,76349,10405346,76349,594540.0,,578706.0,,6325976.0,34871,9288035.0,59562
2020-11-07,FL,A,17311.0,,87,,51029.0,51029.0,2672.0,161,,,5519123.0,14673,531822.0,517552.0,8218897.0,,,825906,782903.0,4380,0,62323.0,,60854.0,,1066849.0,,10453650,48304,10453650,48304,594540.0,,578706.0,,6345029.0,19053,9332790.0,44755
2020-11-08,FL,A,17333.0,,22,,51093.0,51093.0,2779.0,64,,,5557306.0,38183,531822.0,517552.0,8290544.0,,,832525,788267.0,6619,0,62323.0,,60854.0,,1075420.0,,10555504,101854,10555504,101854,594540.0,,578706.0,,6389831.0,44802,9413226.0,80436
2020-11-09,FL,A,17391.0,,58,,51196.0,51196.0,2902.0,103,,,5573760.0,16454,531822.0,517552.0,8325942.0,,,836370,791595.0,3845,0,62323.0,,60854.0,,1080510.0,,10600474,44970,10600474,44970,594540.0,,578706.0,,6410130.0,20299,9453819.0,40593
2020-11-10,FL,A,17460.0,,69,,51479.0,51479.0,3034.0,283,,,5593589.0,19829,531822.0,517552.0,8359722.0,,,840652,794860.0,4282,0,62323.0,,60854.0,,1085885.0,,10646926,46452,10646926,46452,594540.0,,578706.0,,6434241.0,24111,9493107.0,39288
2020-11-11,FL,A,17512.0,,52,,51731.0,51731.0,3056.0,252,,,5620660.0,27071,531822.0,517552.0,8409994.0,,,846321,799004.0,5669,0,62323.0,,60854.0,,1093112.0,,10714303,67377,10714303,67377,594540.0,,578706.0,,6466981.0,32740,9550764.0,57657
2020-11-12,FL,A,17585.0,,73,,51892.0,51892.0,3062.0,161,,,5641888.0,21228,531822.0,517552.0,8455602.0,,,851825,803220.0,5504,0,62323.0,,60854.0,,1099871.0,,10783307,69004,10783307,69004,594540.0,,578706.0,,6493713.0,26732,9603298.0,52534
2020-11-13,FL,A,17659.0,,74,,52163.0,52163.0,3129.0,271,,,5664400.0,22512,531822.0,517552.0,8508101.0,,,858585,807971.0,6760,0,62323.0,,60854.0,,1108643.0,,10861776,78469,10861776,78469,594540.0,,578706.0,,6522985.0,29272,9664754.0,61456
2020-11-14,FL,A,17704.0,,45,,52441.0,52441.0,3151.0,278,,,5691962.0,27562,539858.0,524946.0,8538245.0,,,862990,811081.0,4405,0,64112.0,,62540.0,,1114105.0,,10899389,37613,10899389,37613,604369.0,,587789.0,,6554952.0,31967,9700441.0,35687
2020-11-15,FL,A,17734.0,,30,,52529.0,52529.0,3118.0,88,,,5726495.0,34533,539858.0,524946.0,8631846.0,,,872810,817399.0,9820,0,64112.0,,62540.0,,1126898.0,,11022168,122779,11022168,122779,604369.0,,587789.0,,6599305.0,44353,9807044.0,106603
2020-11-16,FL,A,17775.0,,41,,52649.0,52649.0,3243.0,120,,,5748137.0,21642,539858.0,524946.0,8676094.0,,,877340,821237.0,4530,0,64112.0,,62540.0,,1132662.0,,11073495,51327,11073495,51327,604369.0,,587789.0,,6625477.0,26172,9857214.0,50170
2020-11-17,FL,A,17861.0,,86,,52966.0,52966.0,3369.0,317,,,5778913.0,30776,539858.0,524946.0,8737315.0,,,884625,826574.0,7285,0,64112.0,,62540.0,,1142252.0,,11150840,77345,11150840,77345,604369.0,,587789.0,,6663538.0,38061,9928286.0,71072
2020-11-18,FL,A,17949.0,,88,,53283.0,53283.0,3352.0,317,,,5812647.0,33734,539858.0,524946.0,8806008.0,,,892352,832021.0,7727,0,64112.0,,62540.0,,1152080.0,,11237905,87065,11237905,87065,604369.0,,587789.0,,6704999.0,41461,10006998.0,78712
2020-11-19,FL,A,18030.0,,81,,53519.0,53519.0,3380.0,236,,,5854290.0,41643,539858.0,524946.0,8883148.0,,,901234,838550.0,8882,0,64112.0,,62540.0,,1163367.0,,11348596,110691,11348596,110691,604369.0,,587789.0,,6755524.0,50525,10095680.0,88682
2020-11-20,FL,A,18110.0,,80,,53749.0,53749.0,3439.0,230,,,5892625.0,38335,539858.0,524946.0,8959851.0,,,910065,845249.0,8831,0,64112.0,,62540.0,,1174714.0,,11456461,107865,11456461,107865,604369.0,,587789.0,,6802690.0,47166,10184036.0,88356
2020-11-21,FL,A,18152.0,,42,,53929.0,53929.0,3396.0,180,,,5931934.0,39309,557126.0,541211.0,9047644.0,,,918240,851556.0,8175,0,67208.0,,65507.0,,1185730.0,,11570159,113698,11570159,113698,624738.0,,607025.0,,6850174.0,47484,10283135.0,99099
2020-11-22,FL,A,18214.0,,62,,54067.0,54067.0,3613.0,138,,,5973787.0,41853,557126.0,541211.0,9120724.0,,,924614,856628.0,6374,0,67208.0,,65507.0,,1194646.0,,11660928,90769,11660928,90769,624738.0,,607025.0,,6898401.0,48227,10365370.0,82235
2020-11-23,FL,A,18310.0,,96,,54167.0,54167.0,3754.0,100,,,5997774.0,23987,557126.0,541211.0,9192009.0,,,930728,860860.0,6114,0,67208.0,,65507.0,,1202993.0,,11740720,79792,11740720,79792,624738.0,,607025.0,,6928502.0,30101,10445187.0,79817
2020-11-24,FL,A,18383.0,,73,,54500.0,54500.0,3780.0,333,,,6043595.0,45821,557126.0,541211.0,9279441.0,,,938830,866301.0,8102,0,67208.0,,65507.0,,1214279.0,,11842707,101987,11842707,101987,624738.0,,607025.0,,6982425.0,53923,10544172.0,98985
2020-11-25,FL,A,18482.0,,99,,54813.0,54813.0,3723.0,313,,,6081679.0,38084,557126.0,541211.0,9364258.0,,,946956,871901.0,8126,0,67208.0,,65507.0,,1225332.0,,11949292,106585,11949292,106585,624738.0,,607025.0,,7028635.0,46210,10640294.0,96122
2020-11-26,FL,A,18482.0,,0,,54813.0,54813.0,3723.0,0,,,6081679.0,0,557126.0,541211.0,9364258.0,,,946956,871901.0,0,0,67208.0,,65507.0,,1225332.0,,11949292,0,11949292,0,624738.0,,607025.0,,7028635.0,0,10640294.0,0
2020-11-27,FL,A,18596.0,,114,,55149.0,55149.0,3748.0,336,,,6167085.0,85406,578113.0,560932.0,9551703.0,,,963751,884219.0,16795,0,71851.0,,69600.0,,1248442.0,,12191982,242690,12191982,242690,650372.0,,630838.0,,7130836.0,102201,10851512.0,211218
2020-11-28,FL,A,18677.0,,81,,55277.0,55277.0,3918.0,128,,,6197289.0,30204,578113.0,560932.0,9606840.0,,,969813,889553.0,6062,0,71851.0,,69600.0,,1256914.0,,12271258,79276,12271258,79276,650372.0,,630838.0,,7167102.0,36266,10915409.0,63897
2020-11-29,FL,A,18736.0,,59,,55393.0,55393.0,4059.0,116,,,6227391.0,30102,578113.0,560932.0,9677126.0,,,976944,894389.0,7131,0,71851.0,,69600.0,,1266562.0,,12356348,85090,12356348,85090,650372.0,,630838.0,,7204335.0,37233,10995577.0,80168
2020-11-30,FL,A,18834.0,,98,,55554.0,55554.0,4159.0,161,,,6256432.0,29041,578113.0,560932.0,9738224.0,,,983370,899032.0,6426,0,71851.0,,69600.0,,1275384.0,,12427765,71417,12427765,71417,650372.0,,630838.0,,7239802.0,35467,11065634.0,70057
2020-12-01,FL,A,18916.0,,82,,55892.0,55892.0,4282.0,338,,,6295909.0,39477,578113.0,560932.0,9813706.0,,,991910,904354.0,8540,0,71851.0,,69600.0,,1286624.0,,12517482,89717,12517482,89717,650372.0,,630838.0,,7287819.0,48017,11152653.0,87019
2020-12-02,FL,A,19012.0,,96,,56269.0,56269.0,4248.0,377,,,6336387.0,40478,578113.0,560932.0,9890498.0,,,1001800,910755.0,9890,0,71851.0,,69600.0,,1299132.0,,12615881,98399,12615881,98399,650372.0,,630838.0,,7338187.0,50368,11242214.0,89561
2020-12-03,FL,A,19112.0,,100,,56527.0,56527.0,4286.0,258,,,6376281.0,39894,578113.0,560932.0,9976965.0,,,1012456,918318.0,10656,0,71851.0,,69600.0,,1312789.0,,12735220,119339,12735220,119339,650372.0,,630838.0,,7388737.0,50550,11342534.0,100320
2020-12-04,FL,A,19236.0,,124,,56809.0,56809.0,4334.0,282,,,6421830.0,45549,578113.0,560932.0,10069429.0,,,1022354,925841.0,9898,0,71851.0,,69600.0,,1326319.0,,12857097,121877,12857097,121877,650372.0,,630838.0,,7444184.0,55447,11448922.0,106388
2020-12-05,FL,A,19327.0,,91,,57040.0,57040.0,4339.0,231,,,6464040.0,42210,578113.0,560932.0,10163645.0,,,1032552,933525.0,10198,0,71851.0,,69600.0,,1339838.0,,12986939,129842,12986939,129842,650372.0,,630838.0,,7496592.0,52408,11556928.0,108006
2020-12-06,FL,A,19423.0,,96,,57185.0,57185.0,4400.0,145,,,6505237.0,41197,578113.0,560932.0,10238741.0,,,1040727,939763.0,8175,0,71851.0,,69600.0,,1350646.0,,13083521,96582,13083521,96582,650372.0,,630838.0,,7545964.0,49372,11643081.0,86153
2020-12-07,FL,A,19529.0,,106,,57340.0,57340.0,4495.0,155,,,6536189.0,30952,578113.0,560932.0,10314978.0,,,1048264,945449.0,7537,0,71851.0,,69600.0,,1360895.0,,13175860,92339,13175860,92339,650372.0,,630838.0,,7584453.0,38489,11729834.0,86753
2020-12-08,FL,A,19627.0,,98,,57647.0,57647.0,4558.0,307,,,6568361.0,32172,578113.0,560932.0,10388564.0,,,1056065,950334.0,7801,0,71851.0,,69600.0,,1371389.0,,13265616,89756,13265616,89756,650372.0,,630838.0,,7624426.0,39973,11814252.0,84418
2020-12-09,FL,A,19716.0,,89,,57957.0,57957.0,4559.0,310,,,6606421.0,38060,578113.0,560932.0,10460024.0,,,1065476,957017.0,9411,0,71851.0,,69600.0,,1382676.0,,13363431,97815,13363431,97815,650372.0,,630838.0,,7671897.0,47471,11897186.0,82934
2020-12-10,FL,A,19851.0,,135,,58226.0,58226.0,4553.0,269,,,6655188.0,48767,578113.0,560932.0,10554421.0,,,1076547,964381.0,11071,0,71851.0,,69600.0,,1397473.0,,13490464,127033,13490464,127033,650372.0,,630838.0,,7731735.0,59838,12006691.0,109505
2020-12-11,FL,A,19977.0,,126,,58491.0,58491.0,4624.0,265,,,6698956.0,43768,578113.0,560932.0,10653469.0,,,1087956,972410.0,11409,0,71851.0,,69600.0,,1412194.0,,13621566,131102,13621566,131102,650372.0,,630838.0,,7786912.0,55177,12120785.0,114094
2020-12-12,FL,A,20049.0,,72,,58750.0,58750.0,4509.0,259,,,6740796.0,41840,578113.0,560932.0,10741096.0,,,1098341,979732.0,10385,0,71851.0,,69600.0,,1426016.0,,13741998,120432,13741998,120432,650372.0,,630838.0,,7839137.0,52225,12222564.0,101779
2020-12-13,FL,A,20133.0,,84,,58891.0,58891.0,4687.0,141,,,6770385.0,29589,578113.0,560932.0,10821719.0,,,1107103,985938.0,8762,0,71851.0,,69600.0,,1438282.0,,13845471,103473,13845471,103473,650372.0,,630838.0,,7877488.0,38351,12315782.0,93218
2020-12-14,FL,A,20271.0,,138,,59033.0,59033.0,4932.0,142,,,6802567.0,32182,578113.0,560932.0,10895327.0,,,1115446,991735.0,8343,0,71851.0,,69600.0,,1449377.0,,13936200,90729,13936200,90729,650372.0,,630838.0,,7918013.0,40525,12400733.0,84951
2020-12-15,FL,A,20365.0,,94,,59385.0,59385.0,5103.0,352,,,6837002.0,34435,578113.0,560932.0,10965359.0,,,1124742,997924.0,9296,0,71851.0,,69600.0,,1461780.0,,14022177,85977,14022177,85977,650372.0,,630838.0,,7961744.0,43731,12483418.0,82685
2020-12-16,FL,A,20490.0,,125,,59751.0,59751.0,5156.0,366,,,6876037.0,39035,578113.0,560932.0,11053512.0,,,1136024,1005010.0,11282,0,71851.0,,69600.0,,1476473.0,,14130578,108401,14130578,108401,650372.0,,630838.0,,8012061.0,50317,12586555.0,103137
2020-12-17,FL,A,20594.0,,104,,60077.0,60077.0,5122.0,326,,,6922831.0,46794,578113.0,560932.0,11150780.0,,,1149126,1014615.0,13102,0,71851.0,,69600.0,,1492914.0,,14262140,131562,14262140,131562,650372.0,,630838.0,,8071957.0,59896,12700623.0,114068
2020-12-18,FL,A,20690.0,,96,,60392.0,60392.0,5172.0,315,,,6966477.0,43646,578113.0,560932.0,11255137.0,,,1161953,1023305.0,12827,0,71851.0,,69600.0,,1509649.0,,14394820,132680,14394820,132680,650372.0,,630838.0,,8128430.0,56473,12822059.0,121436
2020-12-19,FL,A,20764.0,,74,,60643.0,60643.0,5086.0,251,,,7007106.0,40629,578113.0,560932.0,11350157.0,,,1173409,1030922.0,11456,0,71851.0,,69600.0,,1524783.0,,14518063,123243,14518063,123243,650372.0,,630838.0,,8180515.0,52085,12932520.0,110461
2020-12-20,FL,A,20861.0,,97,,60791.0,60791.0,5235.0,148,,,7041605.0,34499,578113.0,560932.0,11425103.0,,,1181549,1036344.0,8140,0,71851.0,,69600.0,,1535639.0,,14611374,93311,14611374,93311,650372.0,,630838.0,,8223154.0,42639,13018535.0,86015
2020-12-21,FL,A,20976.0,,115,,60953.0,60953.0,5512.0,162,,,7083114.0,41509,578113.0,560932.0,11523625.0,,,1192456,1045247.0,10907,0,71851.0,,69600.0,,1550263.0,,14728047,116673,14728047,116673,650372.0,,630838.0,,8275570.0,52416,13132263.0,113728
2020-12-22,FL,A,21052.0,,76,,61279.0,61279.0,5634.0,326,,,7120966.0,37852,578113.0,560932.0,11611346.0,,,1202660,1052149.0,10204,0,71851.0,,69600.0,,1563736.0,,14833408,105361,14833408,105361,650372.0,,630838.0,,8323626.0,48056,13233782.0,101519
2020-12-23,FL,A,21173.0,,121,,61617.0,61617.0,5590.0,338,,,7163174.0,42208,578113.0,560932.0,11703145.0,,,1213760,1059114.0,11100,0,71851.0,,69600.0,,1578242.0,,14941870,108462,14941870,108462,650372.0,,630838.0,,8376934.0,53308,13340461.0,106679
2020-12-24,FL,A,21295.0,,122,,61922.0,61922.0,5619.0,305,,,7210248.0,47074,578113.0,560932.0,11814196.0,,,1226530,1067767.0,12770,0,71851.0,,69600.0,,1595315.0,,15093456,151586,15093456,151586,650372.0,,630838.0,,8436778.0,59844,13468971.0,128510
2020-12-25,FL,A,21295.0,,0,,61922.0,61922.0,5457.0,0,,,7210248.0,0,578113.0,560932.0,11814196.0,,,1226530,1067767.0,0,0,71851.0,,69600.0,,1595315.0,,15093456,0,15093456,0,650372.0,,630838.0,,8436778.0,0,13468971.0,0
2020-12-26,FL,A,21437.0,,142,,62118.0,62118.0,5647.0,196,,,7260215.0,49967,578113.0,560932.0,11950775.0,,,1243118,1082459.0,16588,0,71851.0,,69600.0,,1618706.0,,15281351,187895,15281351,187895,650372.0,,630838.0,,8503333.0,66555,13629555.0,160584
2020-12-27,FL,A,21514.0,,77,,62296.0,62296.0,5910.0,178,,,7280442.0,20227,578113.0,560932.0,11992748.0,,,1250275,1087472.0,7157,0,71851.0,,69600.0,,1627897.0,,15343992,62641,15343992,62641,650372.0,,630838.0,,8530717.0,27384,13681017.0,51462
2020-12-28,FL,A,21613.0,,99,,62507.0,62507.0,6109.0,211,,,7300176.0,19734,578113.0,560932.0,12046324.0,,,1258315,1092688.0,8040,0,71851.0,,69600.0,,1638660.0,,15407980,63988,15407980,63988,650372.0,,630838.0,,8558491.0,27774,13745609.0,64592
2020-12-29,FL,A,21718.0,,105,,62999.0,62999.0,6280.0,492,,,7332925.0,32749,578113.0,560932.0,12081459.0,,,1270063,1098799.0,11748,0,71851.0,,69600.0,,1653626.0,,15443777,35797,15443777,35797,650372.0,,630838.0,,8602988.0,44497,13795926.0,50317
2020-12-30,FL,A,21857.0,,139,,63375.0,63375.0,6298.0,376,,,7360958.0,28033,578113.0,560932.0,12194345.0,,,1283701,1106788.0,13638,0,71851.0,,69600.0,,1671699.0,,15584370,140593,15584370,140593,650372.0,,630838.0,,8644659.0,41671,13927475.0,131549
2020-12-31,FL,A,21990.0,,133,,63741.0,63741.0,6363.0,366,,,7405064.0,44106,578113.0,560932.0,12286661.0,,,1300528,1117552.0,16827,0,71851.0,,69600.0,,1692583.0,,15703599,119229,15703599,119229,650372.0,,630838.0,,8705592.0,60933,14041159.0,113684
2021-01-01,FL,A,21990.0,,0,,63741.0,63741.0,6454.0,0,,,7405064.0,0,578113.0,560932.0,12286661.0,,,1300528,1117552.0,0,0,71851.0,,69600.0,,1692583.0,,15703599,0,15703599,0,650372.0,,630838.0,,8705592.0,0,14041159.0,0
2021-01-02,FL,A,22210.0,,220,,64029.0,64029.0,6701.0,288,,,7473477.0,68413,578113.0,560932.0,12462940.0,,,1331059,1141210.0,30531,0,71851.0,,69600.0,,1732821.0,,15950750,247151,15950750,247151,650372.0,,630838.0,,8804536.0,98944,14258872.0,217713
2021-01-03,FL,A,22310.0,,100,,64216.0,64216.0,6969.0,187,,,7497498.0,24021,578113.0,560932.0,12515766.0,,,1341287,1147550.0,10228,0,71851.0,,69600.0,,1746256.0,,16020601,69851,16020601,69851,650372.0,,630838.0,,8838785.0,34249,14325426.0,66554
2021-01-04,FL,A,22415.0,,105,,64397.0,64397.0,7238.0,181,,,7520218.0,22720,578113.0,560932.0,12572955.0,,,1352222,1154585.0,10935,0,71851.0,,69600.0,,1760357.0,,16095888,75287,16095888,75287,650372.0,,630838.0,,8872440.0,33655,14397053.0,71627
2021-01-05,FL,A,22515.0,,100,,64783.0,64783.0,7345.0,386,,,7553989.0,33771,578113.0,560932.0,12645924.0,,,1367778,1163846.0,15556,0,71851.0,,69600.0,,1778813.0,,16196076,100188,16196076,100188,650372.0,,630838.0,,8921767.0,49327,14488819.0,91766
2021-01-06,FL,A,22647.0,,132,,65232.0,65232.0,7303.0,449,,,7592363.0,38374,578113.0,560932.0,12733963.0,,,1385040,1174410.0,17262,0,71851.0,,69600.0,,1800408.0,,16310438,114362,16310438,114362,650372.0,,630838.0,,8977403.0,55636,14598971.0,110152
2021-01-07,FL,A,22817.0,,170,,65622.0,65622.0,7327.0,390,,,7634493.0,42130,578113.0,560932.0,12832829.0,,,1404374,1187619.0,19334,0,71851.0,,69600.0,,1824592.0,,16451278,140840,16451278,140840,650372.0,,630838.0,,9038867.0,61464,14722693.0,123722
2021-01-08,FL,A,23011.0,,194,,65986.0,65986.0,7407.0,364,,,7676603.0,42110,578113.0,560932.0,12936919.0,,,1423510,1202042.0,19136,0,71851.0,,69600.0,,1849493.0,,16592877,141599,16592877,141599,650372.0,,630838.0,,9100113.0,61246,14852370.0,129677
2021-01-09,FL,A,23150.0,,139,,66332.0,66332.0,7455.0,346,,,7708406.0,31803,578113.0,560932.0,13023880.0,,,1438579,1212244.0,15069,0,71851.0,,69600.0,,1868967.0,,16715694,122817,16715694,122817,650372.0,,630838.0,,9146985.0,46872,14959521.0,107151
2021-01-10,FL,A,23261.0,,111,,66533.0,66533.0,7494.0,201,,,7744128.0,35722,578113.0,560932.0,13101989.0,,,1450620,1221484.0,12041,0,71851.0,,69600.0,,1885337.0,,16817965,102271,16817965,102271,650372.0,,630838.0,,9194748.0,47763,15054500.0,94979
2021-01-11,FL,A,23424.0,,163,,66738.0,66738.0,7650.0,205,,,7770903.0,26775,578113.0,560932.0,13179694.0,,,1461958,1229770.0,11338,0,71851.0,,69600.0,,1901127.0,,16914911,96946,16914911,96946,650372.0,,630838.0,,9232861.0,38113,15148365.0,93865
2021-01-12,FL,A,23585.0,,161,,67158.0,67158.0,7720.0,420,,,7811155.0,40252,578113.0,560932.0,13272560.0,,,1476484,1239950.0,14526,0,71851.0,,69600.0,,1920618.0,,17031970,117059,17031970,117059,650372.0,,630838.0,,9287639.0,54778,15261374.0,113009
2021-01-13,FL,A,23759.0,,174,,67598.0,67598.0,7584.0,440,,,7850188.0,39033,578113.0,560932.0,13360126.0,,,1490148,1249346.0,13664,0,71851.0,,69600.0,,1938562.0,,17148040,116070,17148040,116070,650372.0,,630838.0,,9340336.0,52697,15367290.0,105916
2021-01-14,FL,A,23981.0,,222,,68011.0,68011.0,7762.0,413,,,7887623.0,37435,578113.0,560932.0,13450244.0,,,1503529,1259047.0,13381,0,71851.0,,69600.0,,1956768.0,,17282796,134756,17282796,134756,650372.0,,630838.0,,9391152.0,50816,15476773.0,109483
2021-01-15,FL,A,24169.0,,188,,68444.0,68444.0,7528.0,433,,,7927422.0,39799,578113.0,560932.0,13554101.0,,,1519944,1271326.0,16415,0,71851.0,,69600.0,,1978821.0,,17424558,141762,17424558,141762,650372.0,,630838.0,,9447366.0,56214,15603776.0,127003
2021-01-16,FL,A,24380.0,,211,,68780.0,68780.0,7347.0,336,,,7963652.0,36230,578113.0,560932.0,13638884.0,,,1531830,1281127.0,11886,0,71851.0,,69600.0,,1995165.0,,17546717,122159,17546717,122159,650372.0,,630838.0,,9495482.0,48116,15705531.0,101755
2021-01-17,FL,A+,24515.0,,135,,68987.0,68987.0,7421.0,207,,,8030300.0,66648,578113.0,560932.0,13718519.0,,,1542567,1288766.0,10737,0,71851.0,,69600.0,,2010231.0,,17654084,107367,17654084,107367,650372.0,,630838.0,,9572867.0,77385,15800722.0,95191
2021-01-18,FL,A+,24657.0,,142,,69165.0,69165.0,7448.0,178,,,8052348.0,22048,578113.0,560932.0,13775503.0,,,1550444,1295924.0,7877,0,71851.0,,69600.0,,2021381.0,,17728996,74912,17728996,74912,650372.0,,630838.0,,9602792.0,29925,15869264.0,68542
2021-01-19,FL,A+,24820.0,,163,,69483.0,69483.0,7367.0,318,,,8079342.0,26994,578113.0,560932.0,13847927.0,,,1560015,1302326.0,9571,0,71851.0,,69600.0,,2034689.0,,17821375,92379,17821375,92379,650372.0,,630838.0,,9639357.0,36565,15955698.0,86434
2021-01-20,FL,A,24965.0,,145,,69954.0,69954.0,7141.0,471,,,8106299.0,26957,578113.0,560932.0,13918123.0,,,1571840,1310118.0,11825,0,71851.0,,69600.0,,2049979.0,,17910668,89293,17910668,89293,650372.0,,630838.0,,9678139.0,38782,16041574.0,85876
2021-01-21,FL,A,25128.0,,163,,70306.0,70306.0,7023.0,352,,,8144203.0,37904,578113.0,560932.0,14012187.0,,,1584442,1318943.0,12602,0,71851.0,,69600.0,,2066910.0,,18042225,131557,18042225,131557,650372.0,,630838.0,,9728645.0,50506,16153041.0,111467
2021-01-22,FL,A,25405.0,,277,,70767.0,70767.0,6904.0,461,,,8166392.0,22189,578113.0,560932.0,14075413.0,,,1597849,1328700.0,13407,0,71851.0,,69600.0,,2085129.0,,18126056,83831,18126056,83831,650372.0,,630838.0,,9764241.0,35596,16235049.0,82008
2021-01-23,FL,A,25561.0,,156,,71037.0,71037.0,6711.0,270,,,8215386.0,48994,578113.0,560932.0,14197211.0,,,1609953,1336510.0,12104,0,71851.0,,69600.0,,2101456.0,,18295646,169590,18295646,169590,650372.0,,630838.0,,9825339.0,61098,16373692.0,138643
2021-01-24,FL,A,25693.0,,132,,71219.0,71219.0,6727.0,182,,,8243060.0,27674,578113.0,560932.0,14266676.0,,,1619288,1344147.0,9335,0,71851.0,,69600.0,,2114100.0,,18397824,102178,18397824,102178,650372.0,,630838.0,,9862348.0,37009,16456335.0,82643
